  RAW DATA,,,,,,,,,,,,,,,,,,,,,,,,,,,,,
Order,WR,WL,CR,CL,,,,,,,,,,,,,,,,,,,,,,,,,
,,,Mean,,,,,,,,,,,,,,,,,,,,,,,,,,
,,,Std Dev,,,,,,,,,,,,,,,,,,,,,,,,,,
W,15.3,10.8,14.8,10.5,,,,,,,,,,,,,,,,,,,,,,,,,
W,22.1,16.2,15.3,12.9,,,,,,,,,,,,,,,,,,,,,,,,,
W,30.5,35.8,23.2,16.3,,,,,,,,,,,,,,,,,,,,,,,,,
C,16.7,0.2,9.4,0.2,,,,,,,,,,,,,,,,,,,,,,,,,
W,31.7,20.5,20.5,13.1,,,,,,,,,,,,,,,,,,,,,,,,,
C,11.9,26.6,14.2,16.1,,,,,,,,,,,,,,,,,,,,,,,,,
C,21.5,23.0,16.8,21.4,,,,,,,,,,,,,,,,,,,,,,,,,
C,51.9,49.4,35.3,40.7,,,,,,,,,,,,,,,,,,,,,,,,,
C,27.7,20.7,18.9,18.7,,,,,,,,,,,,,,,,,,,,,,,,,
C,41.2,43.7,23.6,18.5,,,,,,,,,,,,,,,,,,,,,,,,,
C,23.2,16.0,9.6,15.3,,,,,,,,,,,,,,,,,,,,,,,,,
W,28.9,15.0,19.0,9.4,,,,,,,,,,,,,,,,,,,,,,,,,
W,3.5,8.7,2.7,0.0,,,,,,,,,,,,,,,,,,,,,,,,,
C,64.4,64.9,31.6,28.9,,,,,,,,,,,,,,,,,,,,,,,,,
W,7.5,18.4,8.9,9.8,,,,,,,,,,,,,,,,,,,,,,,,,
W,12.5,3.8,0.2,8.3,,,,,,,,,,,,,,,,,,,,,,,,,
C,48.6,51.5,33.9,30.0,,,,,,,,,,,,,,,,,,,,,,,,,
C,3.5,19.2,4.4,12.0,,,,,,,,,,,,,,,,,,,,,,,,,
W,22.1,39.1,10.2,20.0,,,,,,,,,,,,,,,,,,,,,,,,,
C,34.2,46.5,23.0,27.4,,,,,,,,,,,,,,,,,,,,,,,,,
W,19.8,16.9,14.7,16.5,,,,,,,,,,,,,,,,,,,,,,,,,
W,56.2,40.2,19.5,25.6,,,,,,,,,,,,,,,,,,,,,,,,,
W,36.4,37.5,19.8,32.0,,,,,,,,,,,,,,,,,,,,,,,,,
C,14.3,22.7,16.1,9.5,,,,,,,,,,,,,,,,,,,,,,,,,
W,52.4,54.9,26.6,22.7,,,,,,,,,,,,,,,,,,,,,,,,,
W,20.8,14.3,6.0,7.8,,,,,,,,,,,,,,,,,,,,,,,,,
W,23.9,31.4,26.1,18.2,,,,,,,,,,,,,,,,,,,,,,,,,
C,32.2,38.6,30.2,21.4,,,,,,,,,,,,,,,,,,,,,,,,,
C,41.0,41.4,20.5,20.7,,,,,,,,,,,,,,,,,,,,,,,,,
C,46.8,26.0,16.7,11.8,,,,,,,,,,,,,,,,,,,,,,,,,
W,20.8,24.0,20.6,20.2,,,,,,,,,,,,,,,,,,,,,,,,,
W,15.7,19.6,13.6,14.3,,,,,,,,,,,,,,,,,,,,,,,,,
W,50.5,41.0,36.5,17.7,,,,,,,,,,,,,,,,,,,,,,,,,
C,27.1,46.7,21.7,23.6,,,,,,,,,,,,,,,,,,,,,,,,,
C,49.8,44.8,24.3,28.1,,,,,,,,,,,,,,,,,,,,,,,,,
C,15.5,27.9,10.1,16.9,,,,,,,,,,,,,,,,,,,,,,,,,
W,51.8,53.8,40.4,36.8,,,,,,,,,,,,,,,,,,,,,,,,,
W,26.3,36.0,17.8,18.0,,,,,,,,,,,,,,,,,,,,,,,,,
C,33.0,30.8,11.8,18.7,,,,,,,,,,,,,,,,,,,,,,,,,
W,5.9,12.6,12.5,0.5,,,,,,,,,,,,,,,,,,,,,,,,,
W,29.2,40.9,17.4,26.5,,,,,,,,,,,,,,,,,,,,,,,,,
W,36.8,23.5,22.5,22.2,,,,,,,,,,,,,,,,,,,,,,,,,
C,67.3,35.3,41.7,31.7,,,,,,,,,,,,,,,,,,,,,,,,,
C,21.1,23.5,29.8,22.2,,,,,,,,,,,,,,,,,,,,,,,,,
W,40.9,14.4,31.8,12.3,,,,,,,,,,,,,,,,,,,,,,,,,
W,17.0,22.3,6.9,8.3,,,,,,,,,,,,,,,,,,,,,,,,,
C,21.4,29.2,11.4,19.8,,,,,,,,,,,,,,,,,,,,,,,,,
C,14.6,20.3,15.7,17.3,,,,,,,,,,,,,,,,,,,,,,,,,
C,49.7,32.2,25.0,27.9,,,,,,,,,,,,,,,,,,,,,,,,,
W,64.6,14.0,24.4,20.6,,,,,,,,,,,,,,,,,,,,,,,,,
C,13.8,36.2,16.0,26.7,,,,,,,,,,,,,,,,,,,,,,,,,
C,55.0,27.1,34.4,15.3,,,,,,,,,,,,,,,,,,,,,,,,,
W,79.5,15.3,34.0,9.4,,,,,,,,,,,,,,,,,,,,,,,,,
W,39.5,33.9,13.8,18.6,,,,,,,,,,,,,,,,,,,,,,,,,
C,33.9,30.6,25.1,30.6,,,,,,,,,,,,,,,,,,,,,,,,,
W,37.4,33.8,18.2,18.4,,,,,,,,,,,,,,,,,,,,,,,,,
C,25.0,29.8,23.4,26.7,,,,,,,,,,,,,,,,,,,,,,,,,
W,13.3,17.9,15.7,11.7,,,,,,,,,,,,,,,,,,,,,,,,,
W,18.8,1.9,11.8,4.9,,,,,,,,,,,,,,,,,,,,,,,,,
C,11.8,6.3,20.8,2.4,,,,,,,,,,,,,,,,,,,,,,,,,
C,28.9,26.9,20.6,18.6,,,,,,,,,,,,,,,,,,,,,,,,,
W,12.5,15.1,15.8,12.1,,,,,,,,,,,,,,,,,,,,,,,,,
W,32.1,23.5,18.3,24.7,,,,,,,,,,,,,,,,,,,,,,,,,
W,24.9,16.3,16.3,10.3,,,,,,,,,,,,,,,,,,,,,,,,,
C,37.6,27.4,22.0,22.0,,,,,,,,,,,,,,,,,,,,,,,,,
C,11.1,12.8,11.7,12.9,,,,,,,,,,,,,,,,,,,,,,,,,
C,17.0,17.6,11.0,16.7,,,,,,,,,,,,,,,,,,,,,,,,,
W,32.3,23.8,13.8,13.7,,,,,,,,,,,,,,,,,,,,,,,,,
W,25.7,3.2,11.8,6.1,,,,,,,,,,,,,,,,,,,,,,,,,
W,27.8,42.3,17.0,23.8,,,,,,,,,,,,,,,,,,,,,,,,,
C,13.0,19.3,16.8,19.2,,,,,,,,,,,,,,,,,,,,,,,,,
C,35.2,35.1,23.2,28.1,,,,,,,,,,,,,,,,,,,,,,,,,
C,2.2,5.8,2.3,6.9,,,,,,,,,,,,,,,,,,,,,,,,,
C,24.8,19.0,15.7,11.4,,,,,,,,,,,,,,,,,,,,,,,,,
W,26.9,3.6,14.1,12.8,,,,,,,,,,,,,,,,,,,,,,,,,
C,48.2,40.3,23.6,20.0,,,,,,,,,,,,,,,,,,,,,,,,,
W,13.7,20.5,12.2,8.5,,,,,,,,,,,,,,,,,,,,,,,,,
W,16.0,24.7,16.2,19.1,,,,,,,,,,,,,,,,,,,,,,,,,
C,24.8,39.0,25.2,16.4,,,,,,,,,,,,,,,,,,,,,,,,,
C,27.1,19.1,21.7,17.2,,,,,,,,,,,,,,,,,,,,,,,,,
C,20.2,18.8,22.1,16.8,,,,,,,,,,,,,,,,,,,,,,,,,
C,8.3,13.1,6.8,7.5,,,,,,,,,,,,,,,,,,,,,,,,,
W,22.6,23.2,11.7,19.7,,,,,,,,,,,,,,,,,,,,,,,,,
W,12.3,15.3,8.8,11.4,,,,,,,,,,,,,,,,,,,,,,,,,
C,48.9,48.1,28.5,22.9,,,,,,,,,,,,,,,,,,,,,,,,,
C,13.0,12.8,14.8,9.4,,,,,,,,,,,,,,,,,,,,,,,,,
C,33.5,13.8,32.8,10.5,,,,,,,,,,,,,,,,,,,,,,,,,
W,53.8,61.9,38.5,34.3,,,,,,,,,,,,,,,,,,,,,,,,,
C,29.0,23.5,21.1,18.1,,,,,,,,,,,,,,,,,,,,,,,,,
C,35.5,45.4,28.2,23.0,,,,,,,,,,,,,,,,,,,,,,,,,
W,19.5,34.5,21.6,15.8,,,,,,,,,,,,,,,,,,,,,,,,,
C,55.4,68.2,26.3,25.5,,,,,,,,,,,,,,,,,,,,,,,,,
W,49.0,52.0,17.1,26.6,,,,,,,,,,,,,,,,,,,,,,,,,
W,60.8,31.3,37.5,13.1,,,,,,,,,,,,,,,,,,,,,,,,,
C,22.5,8.9,19.7,12.5,,,,,,,,,,,,,,,,,,,,,,,,,
W,31.2,40.7,42.2,51.7,,,,,,,,,,,,,,,,,,,,,,,,,
W,40.3,12.3,18.3,11.9,,,,,,,,,,,,,,,,,,,,,,,,,
W,18.5,17.2,15.9,13.3,,,,,,,,,,,,,,,,,,,,,,,,,
W,29.3,50.3,24.5,36.5,,,,,,,,,,,,,,,,,,,,,,,,,
C,19.6,23.2,15.9,14.6,,,,,,,,,,,,,,,,,,,,,,,,,
W,39.2,43.5,31.0,29.3,,,,,,,,,,,,,,,,,,,,,,,,,
W,32.1,33.6,24.2,29.7,,,,,,,,,,,,,,,,,,,,,,,,,
W,14.6,19.7,7.9,11.0,,,,,,,,,,,,,,,,,,,,,,,,,
W,32.2,38.2,34.1,24.9,,,,,,,,,,,,,,,,,,,,,,,,,
W,24.4,27.0,19.3,16.6,,,,,,,,,,,,,,,,,,,,,,,,,
C,22.0,19.6,17.9,16.1,,,,,,,,,,,,,,,,,,,,,,,,,
W,31.3,17.7,24.4,27.1,,,,,,,,,,,,,,,,,,,,,,,,,
C,20.7,22.9,19.7,19.5,,,,,,,,,,,,,,,,,,,,,,,,,
C,26.2,39.5,28.1,21.5,,,,,,,,,,,,,,,,,,,,,,,,,
W,45.6,34.9,27.1,20.3,,,,,,,,,,,,,,,,,,,,,,,,,
W,39.3,37.2,40.5,21.1,,,,,,,,,,,,,,,,,,,,,,,,,
W,15.4,16.5,7.5,15.7,,,,,,,,,,,,,,,,,,,,,,,,,
W,24.9,25.5,19.0,12.8,,,,,,,,,,,,,,,,,,,,,,,,,
C,4.8,7.9,3.2,7.7,,,,,,,,,,,,,,,,,,,,,,,,,
W,4.8,38.7,5.2,22.2,,,,,,,,,,,,,,,,,,,,,,,,,
C,28.0,18.2,17.0,18.4,,,,,,,,,,,,,,,,,,,,,,,,,
W,44.1,31.5,30.6,21.0,,,,,,,,,,,,,,,,,,,,,,,,,
W,28.6,7.2,15.4,1.0,,,,,,,,,,,,,,,,,,,,,,,,,
C,26.1,19.0,17.8,20.4,,,,,,,,,,,,,,,,,,,,,,,,,
C,14.8,18.7,15.2,10.3,,,,,,,,,,,,,,,,,,,,,,,,,
C,8.8,13.4,6.2,9.1,,,,,,,,,,,,,,,,,,,,,,,,,
C,40.6,52.3,27.3,27.6,,,,,,,,,,,,,,,,,,,,,,,,,
W,34.8,21.8,15.0,9.1,,,,,,,,,,,,,,,,,,,,,,,,,
C,30.1,7.7,22.1,5.1,,,,,,,,,,,,,,,,,,,,,,,,,
C,25.6,14.3,15.5,13.0,,,,,,,,,,,,,,,,,,,,,,,,,
C,35.0,15.5,21.0,11.5,,,,,,,,,,,,,,,,,,,,,,,,,
C,29.1,55.2,18.8,31.8,,,,,,,,,,,,,,,,,,,,,,,,,
W,16.2,16.8,11.6,11.3,,,,,,,,,,,,,,,,,,,,,,,,,
C,51.9,10.5,24.2,1.6,,,,,,,,,,,,,,,,,,,,,,,,,
W,9.8,12.0,9.2,9.8,,,,,,,,,,,,,,,,,,,,,,,,,
W,53.7,51.8,21.8,24.5,,,,,,,,,,,,,,,,,,,,,,,,,
C,23.9,23.1,13.9,24.7,,,,,,,,,,,,,,,,,,,,,,,,,
W,16.8,16.6,12.7,11.2,,,,,,,,,,,,,,,,,,,,,,,,,
C,46.9,43.1,22.3,18.3,,,,,,,,,,,,,,,,,,,,,,,,,
C,27.0,30.1,14.3,19.5,,,,,,,,,,,,,,,,,,,,,,,,,
W,29.3,26.9,15.1,20.1,,,,,,,,,,,,,,,,,,,,,,,,,
W,10.5,18.8,16.1,9.2,,,,,,,,,,,,,,,,,,,,,,,,,
W,34.1,13.4,15.7,10.5,,,,,,,,,,,,,,,,,,,,,,,,,
W,40.0,40.5,21.2,16.5,,,,,,,,,,,,,,,,,,,,,,,,,
C,28.8,20.6,20.1,13.3,,,,,,,,,,,,,,,,,,,,,,,,,
W,26.0,31.1,28.9,14.3,,,,,,,,,,,,,,,,,,,,,,,,,
C,60.1,56.1,30.2,32.3,,,,,,,,,,,,,,,,,,,,,,,,,
C,25.5,65.8,30.2,35.7,,,,,,,,,,,,,,,,,,,,,,,,,
C,50.8,31.7,32.2,26.8,,,,,,,,,,,,,,,,,,,,,,,,,
C,13.9,18.4,18.4,12.3,,,,,,,,,,,,,,,,,,,,,,,,,
W,32.3,26.0,27.4,17.4,,,,,,,,,,,,,,,,,,,,,,,,,
C,63.7,51.8,39.1,48.0,,,,,,,,,,,,,,,,,,,,,,,,,
C,36.3,26.2,24.4,22.3,,,,,,,,,,,,,,,,,,,,,,,,,
W,8.0,17.9,6.2,13.4,,,,,,,,,,,,,,,,,,,,,,,,,
C,12.3,26.3,29.8,6.1,,,,,,,,,,,,,,,,,,,,,,,,,
W,40.6,38.9,21.6,21.3,,,,,,,,,,,,,,,,,,,,,,,,,
C,4.0,11.1,5.8,7.0,,,,,,,,,,,,,,,,,,,,,,,,,
W,48.6,54.3,36.8,23.4,,,,,,,,,,,,,,,,,,,,,,,,,
C,40.0,29.9,18.3,34.4,,,,,,,,,,,,,,,,,,,,,,,,,
C,18.7,12.5,12.3,13.8,,,,,,,,,,,,,,,,,,,,,,,,,
C,33.9,45.1,22.3,27.2,,,,,,,,,,,,,,,,,,,,,,,,,
C,59.8,62.3,33.4,41.7,,,,,,,,,,,,,,,,,,,,,,,,,
W,2.3,11.6,3.2,4.8,,,,,,,,,,,,,,,,,,,,,,,,,
W,63.3,50.3,31.5,44.6,,,,,,,,,,,,,,,,,,,,,,,,,
C,47.5,30.1,27.2,23.5,,,,,,,,,,,,,,,,,,,,,,,,,
C,10.7,17.5,11.0,16.2,,,,,,,,,,,,,,,,,,,,,,,,,
W,22.8,14.4,35.8,16.4,,,,,,,,,,,,,,,,,,,,,,,,,
W,47.8,50.8,32.5,17.8,,,,,,,,,,,,,,,,,,,,,,,,,
W,7.0,9.9,49.3,17.3,,,,,,,,,,,,,,,,,,,,,,,,,
W,30.3,32.2,22.2,13.6,,,,,,,,,,,,,,,,,,,,,,,,,
C,0.0,17.0,0.0,0.0,,,,,,,,,,,,,,,,,,,,,,,,,
W,8.9,18.5,13.0,9.4,,,,,,,,,,,,,,,,,,,,,,,,,
C,33.3,55.5,28.4,29.0,,,,,,,,,,,,,,,,,,,,,,,,,
W,14.3,11.7,7.8,9.3,,,,,,,,,,,,,,,,,,,,,,,,,
C,24.2,16.2,16.9,15.0,,,,,,,,,,,,,,,,,,,,,,,,,
W,11.6,8.9,8.9,8.7,,,,,,,,,,,,,,,,,,,,,,,,,
W,9.1,2.6,20.6,0.6,,,,,,,,,,,,,,,,,,,,,,,,,
W,29.8,24.1,10.8,19.0,,,,,,,,,,,,,,,,,,,,,,,,,
C,48.8,31.5,30.4,42.7,,,,,,,,,,,,,,,,,,,,,,,,,
C,17.3,22.0,12.4,13.7,,,,,,,,,,,,,,,,,,,,,,,,,
C,51.2,27.9,25.1,21.7,,,,,,,,,,,,,,,,,,,,,,,,,
W,35.6,37.9,20.1,17.1,,,,,,,,,,,,,,,,,,,,,,,,,
C,16.2,9.6,16.6,5.4,,,,,,,,,,,,,,,,,,,,,,,,,
W,22.1,32.1,10.3,15.5,,,,,,,,,,,,,,,,,,,,,,,,,
W,21.9,21.1,11.5,11.7,,,,,,,,,,,,,,,,,,,,,,,,,
W,23.8,21.6,21.8,12.7,,,,,,,,,,,,,,,,,,,,,,,,,
C,11.2,27.1,8.9,16.4,,,,,,,,,,,,,,,,,,,,,,,,,
W,33.9,30.8,25.6,26.3,,,,,,,,,,,,,,,,,,,,,,,,,
W,20.3,35.0,17.5,21.6,,,,,,,,,,,,,,,,,,,,,,,,,
W,24.9,15.3,15.6,11.6,,,,,,,,,,,,,,,,,,,,,,,,,
W,27.7,34.5,19.6,19.6,,,,,,,,,,,,,,,,,,,,,,,,,
C,28.2,6.9,19.8,15.5,,,,,,,,,,,,,,,,,,,,,,,,,
C,29.8,30.7,22.6,32.1,,,,,,,,,,,,,,,,,,,,,,,,,
W,11.6,8.7,7.0,10.9,,,,,,,,,,,,,,,,,,,,,,,,,
C,36.6,65.8,28.9,28.4,,,,,,,,,,,,,,,,,,,,,,,,,
W,13.3,25.8,21.6,24.6,,,,,,,,,,,,,,,,,,,,,,,,,
C,17.2,20.9,12.9,16.9,,,,,,,,,,,,,,,,,,,,,,,,,
C,24.2,32.7,21.7,19.7,,,,,,,,,,,,,,,,,,,,,,,,,
C,23.1,19.2,16.5,10.3,,,,,,,,,,,,,,,,,,,,,,,,,
C,25.4,39.2,15.6,26.1,,,,,,,,,,,,,,,,,,,,,,,,,
C,40.4,25.7,19.0,12.7,,,,,,,,,,,,,,,,,,,,,,,,,
C,41.6,35.5,22.9,18.0,,,,,,,,,,,,,,,,,,,,,,,,,
C,22.9,28.7,23.2,17.2,,,,,,,,,,,,,,,,,,,,,,,,,
W,12.3,16.8,9.6,10.8,,,,,,,,,,,,,,,,,,,,,,,,,
W,20.2,16.1,19.9,15.1,,,,,,,,,,,,,,,,,,,,,,,,,
W,39.5,24.0,19.1,17.8,,,,,,,,,,,,,,,,,,,,,,,,,
W,36.5,39.8,26.9,26.0,,,,,,,,,,,,,,,,,,,,,,,,,
W,47.5,35.1,26.7,15.4,,,,,,,,,,,,,,,,,,,,,,,,,
W,17.3,40.8,15.2,16.7,,,,,,,,,,,,,,,,,,,,,,,,,
W,37.8,49.7,24.9,38.2,,,,,,,,,,,,,,,,,,,,,,,,,
W,44.7,50.8,28.0,36.2,,,,,,,,,,,,,,,,,,,,,,,,,
C,31.0,33.8,32.2,22.3,,,,,,,,,,,,,,,,,,,,,,,,,
C,15.2,14.2,13.3,9.2,,,,,,,,,,,,,,,,,,,,,,,,,
W,28.3,11.9,18.4,11.9,,,,,,,,,,,,,,,,,,,,,,,,,
W,21.1,33.7,14.6,22.5,,,,,,,,,,,,,,,,,,,,,,,,,
W,0.2,14.5,0.2,12.5,,,,,,,,,,,,,,,,,,,,,,,,,
C,16.5,12.3,16.8,15.8,,,,,,,,,,,,,,,,,,,,,,,,,
C,23.9,18.8,11.8,11.3,,,,,,,,,,,,,,,,,,,,,,,,,
W,35.9,36.1,32.2,16.3,,,,,,,,,,,,,,,,,,,,,,,,,
C,27.5,23.4,10.7,25.0,,,,,,,,,,,,,,,,,,,,,,,,,
C,20.8,44.5,12.5,24.8,,,,,,,,,,,,,,,,,,,,,,,,,
W,19.1,1.4,13.8,4.3,,,,,,,,,,,,,,,,,,,,,,,,,
W,52.2,43.0,20.2,26.1,,,,,,,,,,,,,,,,,,,,,,,,,
C,33.3,23.1,17.6,13.7,,,,,,,,,,,,,,,,,,,,,,,,,
C,12.4,16.6,9.2,9.6,,,,,,,,,,,,,,,,,,,,,,,,,
C,22.2,18.8,42.4,26.3,,,,,,,,,,,,,,,,,,,,,,,,,
W,22.4,29.3,18.3,17.1,,,,,,,,,,,,,,,,,,,,,,,,,
W,56.5,39.9,19.3,27.2,,,,,,,,,,,,,,,,,,,,,,,,,
C,45.3,7.2,26.7,9.0,,,,,,,,,,,,,,,,,,,,,,,,,
W,25.2,29.8,16.7,22.7,,,,,,,,,,,,,,,,,,,,,,,,,
C,37.1,1.4,16.5,8.2,,,,,,,,,,,,,,,,,,,,,,,,,
W,4.1,7.9,4.2,8.5,,,,,,,,,,,,,,,,,,,,,,,,,
W,42.3,19.3,13.2,15.6,,,,,,,,,,,,,,,,,,,,,,,,,
W,23.7,20.3,25.2,6.2,,,,,,,,,,,,,,,,,,,,,,,,,
C,33.0,29.0,14.1,21.1,,,,,,,,,,,,,,,,,,,,,,,,,
W,50.4,31.6,26.4,22.4,,,,,,,,,,,,,,,,,,,,,,,,,
C,25.1,5.4,12.3,17.3,,,,,,,,,,,,,,,,,,,,,,,,,
W,13.3,11.0,7.0,9.3,,,,,,,,,,,,,,,,,,,,,,,,,
W,30.5,29.1,15.9,13.9,,,,,,,,,,,,,,,,,,,,,,,,,
W,22.1,20.4,18.3,20.9,,,,,,,,,,,,,,,,,,,,,,,,,
W,28.0,24.4,26.0,23.1,,,,,,,,,,,,,,,,,,,,,,,,,
W,34.8,38.9,23.3,33.3,,,,,,,,,,,,,,,,,,,,,,,,,
C,14.1,8.3,10.3,6.0,,,,,,,,,,,,,,,,,,,,,,,,,
W,18.5,18.1,17.7,18.8,,,,,,,,,,,,,,,,,,,,,,,,,
C,36.7,43.8,28.3,20.8,,,,,,,,,,,,,,,,,,,,,,,,,
C,27.5,30.1,20.5,22.5,,,,,,,,,,,,,,,,,,,,,,,,,
W,7.2,35.5,5.2,20.4,,,,,,,,,,,,,,,,,,,,,,,,,
C,11.8,10.2,11.4,16.7,,,,,,,,,,,,,,,,,,,,,,,,,
C,24.3,29.1,23.3,22.9,,,,,,,,,,,,,,,,,,,,,,,,,
W,40.8,44.9,29.6,22.4,,,,,,,,,,,,,,,,,,,,,,,,,
W,31.7,16.9,17.2,17.7,,,,,,,,,,,,,,,,,,,,,,,,,
C,24.7,25.7,23.4,19.5,,,,,,,,,,,,,,,,,,,,,,,,,
W,38.1,45.3,34.0,23.0,,,,,,,,,,,,,,,,,,,,,,,,,
W,30.6,39.0,19.8,20.6,,,,,,,,,,,,,,,,,,,,,,,,,
C,32.8,50.9,39.1,47.5,,,,,,,,,,,,,,,,,,,,,,,,,
W,65.7,64.3,56.9,34.8,,,,,,,,,,,,,,,,,,,,,,,,,
C,24.9,12.4,11.8,16.5,,,,,,,,,,,,,,,,,,,,,,,,,
C,6.6,22.7,8.7,22.9,,,,,,,,,,,,,,,,,,,,,,,,,
C,32.7,26.1,28.5,28.8,,,,,,,,,,,,,,,,,,,,,,,,,
C,10.4,10.6,3.3,7.5,,,,,,,,,,,,,,,,,,,,,,,,,
W,14.5,14.7,13.7,20.3,,,,,,,,,,,,,,,,,,,,,,,,,
C,28.8,29.8,23.8,25.6,,,,,,,,,,,,,,,,,,,,,,,,,
W,18.3,16.2,18.2,11.1,,,,,,,,,,,,,,,,,,,,,,,,,
W,28.0,29.9,25.0,20.3,,,,,,,,,,,,,,,,,,,,,,,,,
W,16.2,28.6,5.2,17.4,,,,,,,,,,,,,,,,,,,,,,,,,
W,25.1,23.4,15.9,19.3,,,,,,,,,,,,,,,,,,,,,,,,,
W,4.2,15.3,2.3,2.9,,,,,,,,,,,,,,,,,,,,,,,,,
C,9.0,8.9,6.8,6.2,,,,,,,,,,,,,,,,,,,,,,,,,
W,28.0,23.2,29.6,14.3,,,,,,,,,,,,,,,,,,,,,,,,,
C,11.3,13.4,13.3,8.3,,,,,,,,,,,,,,,,,,,,,,,,,
W,33.1,26.8,17.0,18.2,,,,,,,,,,,,,,,,,,,,,,,,,
C,14.7,27.7,15.8,26.5,,,,,,,,,,,,,,,,,,,,,,,,,
W,58.0,59.7,40.2,29.7,,,,,,,,,,,,,,,,,,,,,,,,,
W,20.2,17.0,16.3,22.9,,,,,,,,,,,,,,,,,,,,,,,,,
W,23.7,8.7,28.4,18.6,,,,,,,,,,,,,,,,,,,,,,,,,
W,54.6,35.5,26.6,34.7,,,,,,,,,,,,,,,,,,,,,,,,,
C,19.6,18.7,14.8,14.9,,,,,,,,,,,,,,,,,,,,,,,,,
W,34.3,38.6,24.3,28.8,,,,,,,,,,,,,,,,,,,,,,,,,
C,12.4,19.4,15.7,12.9,,,,,,,,,,,,,,,,,,,,,,,,,
W,31.0,0.2,15.4,2.5,,,,,,,,,,,,,,,,,,,,,,,,,
C,32.9,32.1,33.9,25.7,,,,,,,,,,,,,,,,,,,,,,,,,
C,32.3,20.9,15.3,15.9,,,,,,,,,,,,,,,,,,,,,,,,,
W,25.5,31.5,17.8,21.6,,,,,,,,,,,,,,,,,,,,,,,,,
W,31.5,38.7,28.4,23.0,,,,,,,,,,,,,,,,,,,,,,,,,
C,20.3,18.3,31.8,29.0,,,,,,,,,,,,,,,,,,,,,,,,,
W,32.7,20.0,11.7,9.9,,,,,,,,,,,,,,,,,,,,,,,,,
C,9.6,3.2,8.8,4.9,,,,,,,,,,,,,,,,,,,,,,,,,
C,51.0,32.8,35.7,26.6,,,,,,,,,,,,,,,,,,,,,,,,,
C,37.2,27.6,21.6,21.6,,,,,,,,,,,,,,,,,,,,,,,,,
W,26.5,1.4,18.9,2.9,,,,,,,,,,,,,,,,,,,,,,,,,
C,23.3,34.5,22.8,15.8,,,,,,,,,,,,,,,,,,,,,,,,,
W,17.7,19.1,18.9,19.4,,,,,,,,,,,,,,,,,,,,,,,,,
W,33.8,34.4,20.7,18.6,,,,,,,,,,,,,,,,,,,,,,,,,
W,12.3,10.4,6.2,10.9,,,,,,,,,,,,,,,,,,,,,,,,,
C,10.2,5.7,6.3,6.6,,,,,,,,,,,,,,,,,,,,,,,,,
C,26.6,18.9,25.4,18.1,,,,,,,,,,,,,,,,,,,,,,,,,
C,6.3,22.8,8.0,9.3,,,,,,,,,,,,,,,,,,,,,,,,,
W,12.4,15.1,12.1,15.5,,,,,,,,,,,,,,,,,,,,,,,,,
W,16.8,22.4,22.7,18.2,,,,,,,,,,,,,,,,,,,,,,,,,
W,33.0,28.7,17.9,29.9,,,,,,,,,,,,,,,,,,,,,,,,,
W,43.3,35.0,25.7,23.5,,,,,,,,,,,,,,,,,,,,,,,,,
W,33.6,8.6,23.1,5.8,,,,,,,,,,,,,,,,,,,,,,,,,
W,14.2,7.3,5.8,8.3,,,,,,,,,,,,,,,,,,,,,,,,,
W,38.0,20.8,18.1,15.0,,,,,,,,,,,,,,,,,,,,,,,,,
W,10.2,24.5,11.0,21.5,,,,,,,,,,,,,,,,,,,,,,,,,
C,24.9,24.3,26.2,36.3,,,,,,,,,,,,,,,,,,,,,,,,,
W,23.6,22.1,13.9,16.1,,,,,,,,,,,,,,,,,,,,,,,,,
C,32.8,28.3,22.2,17.2,,,,,,,,,,,,,,,,,,,,,,,,,
C,30.6,30.6,27.2,29.3,,,,,,,,,,,,,,,,,,,,,,,,,
W,28.9,21.0,24.7,19.4,,,,,,,,,,,,,,,,,,,,,,,,,
C,9.1,10.9,8.5,10.4,,,,,,,,,,,,,,,,,,,,,,,,,
W,40.3,32.8,30.6,24.9,,,,,,,,,,,,,,,,,,,,,,,,,
C,12.0,2.3,8.8,23.4,,,,,,,,,,,,,,,,,,,,,,,,,
C,32.4,18.9,22.5,19.2,,,,,,,,,,,,,,,,,,,,,,,,,
W,13.8,13.7,15.6,16.7,,,,,,,,,,,,,,,,,,,,,,,,,
C,10.9,7.9,9.9,7.0,,,,,,,,,,,,,,,,,,,,,,,,,
W,28.3,29.8,10.4,30.9,,,,,,,,,,,,,,,,,,,,,,,,,
W,12.1,21.4,13.3,16.5,,,,,,,,,,,,,,,,,,,,,,,,,
W,13.8,17.9,3.8,26.6,,,,,,,,,,,,,,,,,,,,,,,,,
C,13.9,3.5,9.5,3.8,,,,,,,,,,,,,,,,,,,,,,,,,
C,19.5,32.4,18.0,19.2,,,,,,,,,,,,,,,,,,,,,,,,,
C,16.7,8.5,15.8,2.0,,,,,,,,,,,,,,,,,,,,,,,,,
C,24.9,34.1,26.5,22.3,,,,,,,,,,,,,,,,,,,,,,,,,
W,4.3,35.5,4.2,19.7,,,,,,,,,,,,,,,,,,,,,,,,,
C,8.0,10.7,8.6,8.8,,,,,,,,,,,,,,,,,,,,,,,,,
W,21.6,20.6,10.2,14.5,,,,,,,,,,,,,,,,,,,,,,,,,
W,35.3,39.0,18.5,18.3,,,,,,,,,,,,,,,,,,,,,,,,,
C,56.8,32.7,23.9,13.6,,,,,,,,,,,,,,,,,,,,,,,,,
C,40.4,28.7,21.7,17.3,,,,,,,,,,,,,,,,,,,,,,,,,
W,28.1,-5.0,15.7,15.1,,,,,,,,,,,,,,,,,,,,,,,,,
C,48.6,41.6,21.0,35.1,,,,,,,,,,,,,,,,,,,,,,,,,
W,16.6,24.3,12.7,10.3,,,,,,,,,,,,,,,,,,,,,,,,,
W,28.9,5.8,15.2,17.2,,,,,,,,,,,,,,,,,,,,,,,,,
W,4.8,22.1,5.3,14.5,,,,,,,,,,,,,,,,,,,,,,,,,
C,12.8,18.8,15.1,19.8,,,,,,,,,,,,,,,,,,,,,,,,,
C,15.8,21.0,22.2,13.2,,,,,,,,,,,,,,,,,,,,,,,,,
W,0.0,0.0,0.0,0.0,,,,,,,,,,,,,,,,,,,,,,,,,
W,7.9,7.8,9.3,4.9,,,,,,,,,,,,,,,,,,,,,,,,,
C,49.6,21.7,27.2,20.3,,,,,,,,,,,,,,,,,,,,,,,,,
W,5.5,5.7,3.1,9.9,,,,,,,,,,,,,,,,,,,,,,,,,
W,37.8,25.1,27.7,25.3,,,,,,,,,,,,,,,,,,,,,,,,,
W,11.7,6.3,11.8,7.3,,,,,,,,,,,,,,,,,,,,,,,,,
C,16.8,23.3,9.8,11.1,,,,,,,,,,,,,,,,,,,,,,,,,
W,22.9,33.4,21.8,22.7,,,,,,,,,,,,,,,,,,,,,,,,,
W,25.7,37.6,21.5,15.7,,,,,,,,,,,,,,,,,,,,,,,,,
W,7.6,12.6,12.1,6.7,,,,,,,,,,,,,,,,,,,,,,,,,
C,23.4,20.8,15.1,13.3,,,,,,,,,,,,,,,,,,,,,,,,,
W,38.9,16.7,19.6,14.1,,,,,,,,,,,,,,,,,,,,,,,,,
W,24.6,41.4,11.6,19.3,,,,,,,,,,,,,,,,,,,,,,,,,
C,51.3,49.3,23.5,28.5,,,,,,,,,,,,,,,,,,,,,,,,,
W,10.2,13.1,14.3,13.1,,,,,,,,,,,,,,,,,,,,,,,,,
C,3.9,3.5,3.6,3.7,,,,,,,,,,,,,,,,,,,,,,,,,
C,52.6,66.4,22.8,23.7,,,,,,,,,,,,,,,,,,,,,,,,,
C,46.3,18.3,32.6,12.2,,,,,,,,,,,,,,,,,,,,,,,,,
C,14.7,23.5,15.5,15.2,,,,,,,,,,,,,,,,,,,,,,,,,
W,17.6,23.0,5.3,11.8,,,,,,,,,,,,,,,,,,,,,,,,,
C,24.3,19.5,15.9,11.2,,,,,,,,,,,,,,,,,,,,,,,,,
W,24.5,15.6,28.9,6.6,,,,,,,,,,,,,,,,,,,,,,,,,
C,7.8,9.8,12.5,10.4,,,,,,,,,,,,,,,,,,,,,,,,,
C,21.1,7.9,12.0,5.3,,,,,,,,,,,,,,,,,,,,,,,,,
W,35.0,34.6,24.8,24.4,,,,,,,,,,,,,,,,,,,,,,,,,
W,8.0,29.1,4.5,16.2,,,,,,,,,,,,,,,,,,,,,,,,,
W,36.8,32.3,25.1,27.8,,,,,,,,,,,,,,,,,,,,,,,,,
C,27.0,31.7,27.9,17.7,,,,,,,,,,,,,,,,,,,,,,,,,
W,22.2,26.2,17.8,19.1,,,,,,,,,,,,,,,,,,,,,,,,,
C,22.5,19.4,14.3,17.0,,,,,,,,,,,,,,,,,,,,,,,,,
C,48.0,33.6,23.3,24.5,,,,,,,,,,,,,,,,,,,,,,,,,
W,22.7,34.5,21.3,15.6,,,,,,,,,,,,,,,,,,,,,,,,,
C,33.2,41.8,29.3,29.3,,,,,,,,,,,,,,,,,,,,,,,,,
W,41.0,35.1,19.3,20.1,,,,,,,,,,,,,,,,,,,,,,,,,
W,17.5,0.0,14.2,0.0,,,,,,,,,,,,,,,,,,,,,,,,,
W,56.2,38.6,23.3,26.8,,,,,,,,,,,,,,,,,,,,,,,,,
W,40.8,45.3,38.8,33.5,,,,,,,,,,,,,,,,,,,,,,,,,
W,7.7,20.9,12.3,8.6,,,,,,,,,,,,,,,,,,,,,,,,,
C,23.4,16.3,13.8,13.1,,,,,,,,,,,,,,,,,,,,,,,,,
W,19.2,20.3,9.4,24.6,,,,,,,,,,,,,,,,,,,,,,,,,
W,17.1,-0.2,7.4,4.1,,,,,,,,,,,,,,,,,,,,,,,,,
W,13.4,11.3,10.4,6.6,,,,,,,,,,,,,,,,,,,,,,,,,
C,-3.2,62.7,2.8,29.0,,,,,,,,,,,,,,,,,,,,,,,,,
C,50.3,44.6,26.9,28.1,,,,,,,,,,,,,,,,,,,,,,,,,
W,28.0,33.3,11.9,22.7,,,,,,,,,,,,,,,,,,,,,,,,,
C,17.3,2.1,12.0,11.6,,,,,,,,,,,,,,,,,,,,,,,,,
W,19.8,50.8,13.9,17.4,,,,,,,,,,,,,,,,,,,,,,,,,
C,47.9,0.8,17.2,2.0,,,,,,,,,,,,,,,,,,,,,,,,,
W,55.2,51.8,38.0,31.6,,,,,,,,,,,,,,,,,,,,,,,,,
W,42.0,29.4,20.2,22.0,,,,,,,,,,,,,,,,,,,,,,,,,
C,28.9,25.2,18.2,14.3,,,,,,,,,,,,,,,,,,,,,,,,,
C,37.0,16.5,18.8,20.7,,,,,,,,,,,,,,,,,,,,,,,,,
W,22.8,37.9,11.9,16.2,,,,,,,,,,,,,,,,,,,,,,,,,
C,22.2,17.1,17.0,11.3,,,,,,,,,,,,,,,,,,,,,,,,,
C,17.1,14.7,19.2,15.2,,,,,,,,,,,,,,,,,,,,,,,,,
C,67.2,42.8,47.5,35.2,,,,,,,,,,,,,,,,,,,,,,,,,
C,26.6,27.7,18.3,13.3,,,,,,,,,,,,,,,,,,,,,,,,,
W,10.2,8.7,0.4,3.0,,,,,,,,,,,,,,,,,,,,,,,,,
C,31.9,16.9,14.9,23.2,,,,,,,,,,,,,,,,,,,,,,,,,
W,24.3,6.5,12.3,6.3,,,,,,,,,,,,,,,,,,,,,,,,,
C,41.1,39.1,29.2,29.1,,,,,,,,,,,,,,,,,,,,,,,,,
C,14.7,4.0,5.2,9.6,,,,,,,,,,,,,,,,,,,,,,,,,
C,45.0,44.4,27.2,24.2,,,,,,,,,,,,,,,,,,,,,,,,,
C,52.3,28.4,33.3,30.3,,,,,,,,,,,,,,,,,,,,,,,,,
W,18.4,24.1,16.6,23.7,,,,,,,,,,,,,,,,,,,,,,,,,
W,16.6,18.4,21.0,15.8,,,,,,,,,,,,,,,,,,,,,,,,,
C,1.0,12.6,6.0,3.0,,,,,,,,,,,,,,,,,,,,,,,,,
C,19.5,14.9,8.8,11.9,,,,,,,,,,,,,,,,,,,,,,,,,
W,33.9,28.1,15.6,15.4,,,,,,,,,,,,,,,,,,,,,,,,,
C,37.6,1.7,12.7,2.3,,,,,,,,,,,,,,,,,,,,,,,,,
C,37.7,41.9,23.0,29.8,,,,,,,,,,,,,,,,,,,,,,,,,
C,15.2,18.4,18.0,17.5,,,,,,,,,,,,,,,,,,,,,,,,,
C,49.0,29.8,27.5,23.4,,,,,,,,,,,,,,,,,,,,,,,,,
W,7.6,39.0,3.8,28.0,,,,,,,,,,,,,,,,,,,,,,,,,
W,53.3,31.8,26.4,12.3,,,,,,,,,,,,,,,,,,,,,,,,,
W,10.3,22.0,10.0,19.0,,,,,,,,,,,,,,,,,,,,,,,,,
C,44.5,61.5,42.1,35.1,,,,,,,,,,,,,,,,,,,,,,,,,
C,7.1,6.4,7.0,9.2,,,,,,,,,,,,,,,,,,,,,,,,,
W,3.7,9.8,2.4,11.3,,,,,,,,,,,,,,,,,,,,,,,,,
C,21.7,20.7,17.0,14.7,,,,,,,,,,,,,,,,,,,,,,,,,
W,9.0,6.0,5.8,6.0,,,,,,,,,,,,,,,,,,,,,,,,,
C,9.6,6.1,0.0,8.5,,,,,,,,,,,,,,,,,,,,,,,,,
C,2.0,27.4,5.1,16.7,,,,,,,,,,,,,,,,,,,,,,,,,
C,7.9,7.8,3.8,3.3,,,,,,,,,,,,,,,,,,,,,,,,,
W,28.6,31.9,21.0,21.8,,,,,,,,,,,,,,,,,,,,,,,,,
W,30.8,6.8,23.2,4.2,,,,,,,,,,,,,,,,,,,,,,,,,
W,22.2,27.7,14.5,14.7,,,,,,,,,,,,,,,,,,,,,,,,,
W,16.4,40.3,9.8,16.4,,,,,,,,,,,,,,,,,,,,,,,,,
C,19.3,18.1,26.5,26.7,,,,,,,,,,,,,,,,,,,,,,,,,
C,17.7,24.1,14.9,14.2,,,,,,,,,,,,,,,,,,,,,,,,,
W,11.8,15.6,13.1,13.3,,,,,,,,,,,,,,,,,,,,,,,,,
W,22.9,7.5,9.5,0.2,,,,,,,,,,,,,,,,,,,,,,,,,
C,22.3,15.6,23.4,13.8,,,,,,,,,,,,,,,,,,,,,,,,,
C,36.0,0.0,15.8,0.0,,,,,,,,,,,,,,,,,,,,,,,,,
C,15.4,18.3,10.8,15.6,,,,,,,,,,,,,,,,,,,,,,,,,
W,22.2,5.3,9.3,10.0,,,,,,,,,,,,,,,,,,,,,,,,,
W,2.6,14.5,2.3,17.1,,,,,,,,,,,,,,,,,,,,,,,,,
C,18.6,11.3,15.8,15.3,,,,,,,,,,,,,,,,,,,,,,,,,
C,8.3,12.8,6.7,13.8,,,,,,,,,,,,,,,,,,,,,,,,,
W,15.6,11.1,10.5,14.1,,,,,,,,,,,,,,,,,,,,,,,,,
W,19.2,29.9,30.6,21.1,,,,,,,,,,,,,,,,,,,,,,,,,
W,46.7,7.0,17.9,6.7,,,,,,,,,,,,,,,,,,,,,,,,,
C,0.0,4.4,0.0,4.7,,,,,,,,,,,,,,,,,,,,,,,,,
W,21.2,13.7,16.9,14.3,,,,,,,,,,,,,,,,,,,,,,,,,
C,18.7,1.2,15.4,4.1,,,,,,,,,,,,,,,,,,,,,,,,,
C,12.2,18.4,13.2,9.7,,,,,,,,,,,,,,,,,,,,,,,,,
C,6.0,8.2,7.7,10.8,,,,,,,,,,,,,,,,,,,,,,,,,
W,11.6,17.3,16.4,12.0,,,,,,,,,,,,,,,,,,,,,,,,,
W,9.2,13.2,11.2,13.6,,,,,,,,,,,,,,,,,,,,,,,,,
C,43.7,24.8,21.8,18.7,,,,,,,,,,,,,,,,,,,,,,,,,
C,19.2,12.4,11.2,16.9,,,,,,,,,,,,,,,,,,,,,,,,,
C,18.9,33.3,21.0,21.7,,,,,,,,,,,,,,,,,,,,,,,,,
W,29.7,38.7,30.3,36.8,,,,,,,,,,,,,,,,,,,,,,,,,
C,22.0,23.5,16.8,23.7,,,,,,,,,,,,,,,,,,,,,,,,,
C,25.0,28.0,18.3,14.6,,,,,,,,,,,,,,,,,,,,,,,,,
C,38.8,31.1,23.0,22.1,,,,,,,,,,,,,,,,,,,,,,,,,
W,38.1,35.5,24.1,23.0,,,,,,,,,,,,,,,,,,,,,,,,,
W,33.5,24.8,18.4,17.7,,,,,,,,,,,,,,,,,,,,,,,,,
C,53.9,54.4,33.3,30.0,,,,,,,,,,,,,,,,,,,,,,,,,
C,31.0,6.5,12.7,14.8,,,,,,,,,,,,,,,,,,,,,,,,,
C,43.0,39.5,24.2,19.3,,,,,,,,,,,,,,,,,,,,,,,,,
C,19.3,21.0,17.7,15.3,,,,,,,,,,,,,,,,,,,,,,,,,
W,29.6,23.2,12.8,14.9,,,,,,,,,,,,,,,,,,,,,,,,,
W,40.8,38.9,23.8,20.8,,,,,,,,,,,,,,,,,,,,,,,,,
C,17.2,60.6,23.5,55.3,,,,,,,,,,,,,,,,,,,,,,,,,
W,17.3,18.6,15.3,29.2,,,,,,,,,,,,,,,,,,,,,,,,,
W,16.2,8.0,8.7,15.0,,,,,,,,,,,,,,,,,,,,,,,,,
W,8.5,11.5,14.0,12.5,,,,,,,,,,,,,,,,,,,,,,,,,
W,19.1,22.6,17.2,16.0,,,,,,,,,,,,,,,,,,,,,,,,,
C,15.1,7.8,20.1,7.9,,,,,,,,,,,,,,,,,,,,,,,,,
W,9.6,21.4,13.9,13.8,,,,,,,,,,,,,,,,,,,,,,,,,
W,14.9,33.5,15.0,17.8,,,,,,,,,,,,,,,,,,,,,,,,,
W,41.2,32.9,25.0,16.7,,,,,,,,,,,,,,,,,,,,,,,,,
C,16.7,15.1,16.1,10.5,,,,,,,,,,,,,,,,,,,,,,,,,
W,20.9,18.0,17.3,16.4,,,,,,,,,,,,,,,,,,,,,,,,,
W,30.8,55.2,33.3,30.9,,,,,,,,,,,,,,,,,,,,,,,,,
W,16.8,14.1,14.0,16.0,,,,,,,,,,,,,,,,,,,,,,,,,
C,12.4,9.2,6.3,6.2,,,,,,,,,,,,,,,,,,,,,,,,,
C,19.4,12.7,17.9,18.1,,,,,,,,,,,,,,,,,,,,,,,,,
W,36.0,28.7,21.9,13.5,,,,,,,,,,,,,,,,,,,,,,,,,
C,15.3,10.5,8.7,12.1,,,,,,,,,,,,,,,,,,,,,,,,,
C,17.8,1.5,7.2,13.3,,,,,,,,,,,,,,,,,,,,,,,,,
W,32.8,18.8,20.4,21.8,,,,,,,,,,,,,,,,,,,,,,,,,
W,31.1,18.2,21.3,16.0,,,,,,,,,,,,,,,,,,,,,,,,,
C,42.5,49.0,26.6,25.7,,,,,,,,,,,,,,,,,,,,,,,,,
C,24.7,25.7,23.4,19.5,,,,,,,,,,,,,,,,,,,,,,,,,
C,27.6,6.6,20.0,3.8,,,,,,,,,,,,,,,,,,,,,,,,,
C,9.3,15.8,7.1,10.5,,,,,,,,,,,,,,,,,,,,,,,,,
W,18.0,17.7,19.7,20.7,,,,,,,,,,,,,,,,,,,,,,,,,
C,22.5,28.4,24.0,20.2,,,,,,,,,,,,,,,,,,,,,,,,,
W,11.8,22.3,7.3,19.9,,,,,,,,,,,,,,,,,,,,,,,,,
W,39.1,37.5,21.3,26.3,,,,,,,,,,,,,,,,,,,,,,,,,
W,48.5,48.4,36.6,24.9,,,,,,,,,,,,,,,,,,,,,,,,,
C,50.6,16.3,20.7,16.9,,,,,,,,,,,,,,,,,,,,,,,,,
W,8.0,12.5,9.9,12.5,,,,,,,,,,,,,,,,,,,,,,,,,
C,50.8,52.7,54.1,47.7,,,,,,,,,,,,,,,,,,,,,,,,,
W,19.5,16.6,19.2,22.4,,,,,,,,,,,,,,,,,,,,,,,,,
W,36.4,37.7,27.1,31.0,,,,,,,,,,,,,,,,,,,,,,,,,
W,12.8,12.6,4.7,13.5,,,,,,,,,,,,,,,,,,,,,,,,,
C,21.8,18.1,15.2,13.8,,,,,,,,,,,,,,,,,,,,,,,,,
W,30.6,53.9,20.5,29.3,,,,,,,,,,,,,,,,,,,,,,,,,
W,9.6,42.1,6.3,24.1,,,,,,,,,,,,,,,,,,,,,,,,,
C,25.4,27.0,17.9,25.8,,,,,,,,,,,,,,,,,,,,,,,,,
W,23.6,25.0,17.6,17.0,,,,,,,,,,,,,,,,,,,,,,,,,
W,10.2,11.7,12.2,11.1,,,,,,,,,,,,,,,,,,,,,,,,,
W,14.9,16.0,5.6,10.9,,,,,,,,,,,,,,,,,,,,,,,,,
W,38.4,43.2,23.3,29.9,,,,,,,,,,,,,,,,,,,,,,,,,
W,13.6,6.4,48.7,20.3,,,,,,,,,,,,,,,,,,,,,,,,,
W,14.1,11.7,17.4,11.6,,,,,,,,,,,,,,,,,,,,,,,,,
W,27.8,15.1,21.7,9.4,,,,,,,,,,,,,,,,,,,,,,,,,
C,44.7,69.6,37.9,29.1,,,,,,,,,,,,,,,,,,,,,,,,,
W,25.2,27.3,19.0,10.9,,,,,,,,,,,,,,,,,,,,,,,,,
W,45.5,50.2,29.2,38.8,,,,,,,,,,,,,,,,,,,,,,,,,
W,18.5,2.4,13.9,4.0,,,,,,,,,,,,,,,,,,,,,,,,,
W,21.2,10.6,22.2,13.7,,,,,,,,,,,,,,,,,,,,,,,,,
W,39.5,22.5,9.9,20.4,,,,,,,,,,,,,,,,,,,,,,,,,
W,22.6,22.3,17.2,21.7,,,,,,,,,,,,,,,,,,,,,,,,,
W,37.2,26.3,19.6,19.2,,,,,,,,,,,,,,,,,,,,,,,,,
W,41.2,36.0,20.2,17.8,,,,,,,,,,,,,,,,,,,,,,,,,
W,9.0,10.7,5.7,7.6,,,,,,,,,,,,,,,,,,,,,,,,,
W,8.3,27.6,9.9,12.9,,,,,,,,,,,,,,,,,,,,,,,,,
C,9.5,35.3,13.5,21.7,,,,,,,,,,,,,,,,,,,,,,,,,
C,40.5,26.0,26.0,15.8,,,,,,,,,,,,,,,,,,,,,,,,,
W,16.7,9.3,8.3,13.7,,,,,,,,,,,,,,,,,,,,,,,,,
C,2.2,15.3,4.3,6.3,,,,,,,,,,,,,,,,,,,,,,,,,
C,35.5,21.6,19.3,20.0,,,,,,,,,,,,,,,,,,,,,,,,,
W,11.3,17.6,9.9,11.3,,,,,,,,,,,,,,,,,,,,,,,,,
W,15.6,16.4,15.3,20.9,,,,,,,,,,,,,,,,,,,,,,,,,
C,6.0,6.0,6.0,3.8,,,,,,,,,,,,,,,,,,,,,,,,,
C,8.7,18.8,7.0,7.3,,,,,,,,,,,,,,,,,,,,,,,,,
W,22.5,19.7,21.8,23.3,,,,,,,,,,,,,,,,,,,,,,,,,
W,56.3,51.8,28.4,33.0,,,,,,,,,,,,,,,,,,,,,,,,,
W,10.2,26.2,5.2,27.1,,,,,,,,,,,,,,,,,,,,,,,,,
W,24.4,45.2,26.8,39.9,,,,,,,,,,,,,,,,,,,,,,,,,
C,24.8,20.2,20.9,12.4,,,,,,,,,,,,,,,,,,,,,,,,,
C,27.5,27.6,11.4,11.6,,,,,,,,,,,,,,,,,,,,,,,,,
W,22.5,17.3,17.7,6.8,,,,,,,,,,,,,,,,,,,,,,,,,
C,28.5,10.2,25.8,14.8,,,,,,,,,,,,,,,,,,,,,,,,,
C,29.2,53.8,14.7,26.3,,,,,,,,,,,,,,,,,,,,,,,,,
C,14.1,55.9,8.2,30.9,,,,,,,,,,,,,,,,,,,,,,,,,
W,22.1,66.8,17.6,28.8,,,,,,,,,,,,,,,,,,,,,,,,,
W,18.3,21.5,16.2,16.1,,,,,,,,,,,,,,,,,,,,,,,,,
C,32.8,29.4,10.3,18.2,,,,,,,,,,,,,,,,,,,,,,,,,
C,26.6,-0.2,3.2,12.2,,,,,,,,,,,,,,,,,,,,,,,,,
W,19.9,38.8,22.0,28.5,,,,,,,,,,,,,,,,,,,,,,,,,
C,34.8,21.8,29.8,24.6,,,,,,,,,,,,,,,,,,,,,,,,,
W,27.2,44.7,18.0,32.4,,,,,,,,,,,,,,,,,,,,,,,,,
C,14.2,50.2,15.3,27.6,,,,,,,,,,,,,,,,,,,,,,,,,
W,25.5,24.3,14.0,21.6,,,,,,,,,,,,,,,,,,,,,,,,,
W,0.0,9.4,0.0,4.3,,,,,,,,,,,,,,,,,,,,,,,,,
C,11.3,31.9,21.9,11.2,,,,,,,,,,,,,,,,,,,,,,,,,
C,33.2,46.6,21.4,23.0,,,,,,,,,,,,,,,,,,,,,,,,,
W,0.0,44.6,0.0,20.1,,,,,,,,,,,,,,,,,,,,,,,,,
W,32.8,26.4,14.5,18.6,,,,,,,,,,,,,,,,,,,,,,,,,
W,34.0,-0.2,10.3,3.2,,,,,,,,,,,,,,,,,,,,,,,,,
W,25.0,24.5,21.8,20.9,,,,,,,,,,,,,,,,,,,,,,,,,
W,29.9,45.1,26.7,26.6,,,,,,,,,,,,,,,,,,,,,,,,,
C,8.2,15.1,5.7,12.7,,,,,,,,,,,,,,,,,,,,,,,,,
C,17.2,16.9,12.5,11.7,,,,,,,,,,,,,,,,,,,,,,,,,
C,42.5,32.6,37.3,30.6,,,,,,,,,,,,,,,,,,,,,,,,,
W,19.7,13.2,13.8,14.7,,,,,,,,,,,,,,,,,,,,,,,,,
W,43.0,32.0,23.4,22.7,,,,,,,,,,,,,,,,,,,,,,,,,
W,26.3,26.4,19.3,25.8,,,,,,,,,,,,,,,,,,,,,,,,,
C,7.4,4.3,7.3,3.8,,,,,,,,,,,,,,,,,,,,,,,,,
C,32.3,38.8,34.8,39.0,,,,,,,,,,,,,,,,,,,,,,,,,
C,24.3,20.8,14.9,13.5,,,,,,,,,,,,,,,,,,,,,,,,,
W,0.0,0.0,0.0,0.0,,,,,,,,,,,,,,,,,,,,,,,,,
W,9.1,11.5,10.2,8.0,,,,,,,,,,,,,,,,,,,,,,,,,
W,22.1,21.8,13.2,10.0,,,,,,,,,,,,,,,,,,,,,,,,,
C,17.9,20.5,17.5,17.4,,,,,,,,,,,,,,,,,,,,,,,,,
W,32.8,27.9,16.0,19.6,,,,,,,,,,,,,,,,,,,,,,,,,
W,25.1,31.9,14.5,14.8,,,,,,,,,,,,,,,,,,,,,,,,,
W,17.8,18.2,16.0,16.8,,,,,,,,,,,,,,,,,,,,,,,,,
W,39.8,42.5,27.5,24.1,,,,,,,,,,,,,,,,,,,,,,,,,
W,26.9,20.6,16.7,17.9,,,,,,,,,,,,,,,,,,,,,,,,,
W,40.0,33.7,16.6,16.3,,,,,,,,,,,,,,,,,,,,,,,,,
W,40.1,36.3,14.8,19.8,,,,,,,,,,,,,,,,,,,,,,,,,
C,14.5,45.9,6.3,25.0,,,,,,,,,,,,,,,,,,,,,,,,,
C,21.4,12.1,21.0,13.1,,,,,,,,,,,,,,,,,,,,,,,,,
W,12.0,16.0,8.6,14.3,,,,,,,,,,,,,,,,,,,,,,,,,
W,20.3,17.6,15.9,11.6,,,,,,,,,,,,,,,,,,,,,,,,,
W,41.4,29.6,16.7,21.9,,,,,,,,,,,,,,,,,,,,,,,,,
W,14.4,14.1,13.8,10.9,,,,,,,,,,,,,,,,,,,,,,,,,
W,17.3,17.7,13.0,16.7,,,,,,,,,,,,,,,,,,,,,,,,,
W,23.0,28.2,18.3,19.8,,,,,,,,,,,,,,,,,,,,,,,,,
W,15.5,11.6,18.4,15.7,,,,,,,,,,,,,,,,,,,,,,,,,
C,26.8,37.7,26.8,31.1,,,,,,,,,,,,,,,,,,,,,,,,,
W,43.0,26.8,23.5,29.0,,,,,,,,,,,,,,,,,,,,,,,,,
W,-10.5,41.3,9.5,5.9,,,,,,,,,,,,,,,,,,,,,,,,,
W,35.0,34.0,16.1,20.1,,,,,,,,,,,,,,,,,,,,,,,,,
W,27.8,23.3,15.7,20.2,,,,,,,,,,,,,,,,,,,,,,,,,
C,29.9,19.9,14.3,16.8,,,,,,,,,,,,,,,,,,,,,,,,,
W,29.4,42.2,15.7,27.5,,,,,,,,,,,,,,,,,,,,,,,,,
W,36.2,26.2,23.6,19.7,,,,,,,,,,,,,,,,,,,,,,,,,
C,16.3,24.3,10.3,12.7,,,,,,,,,,,,,,,,,,,,,,,,,
C,15.4,19.4,16.4,13.2,,,,,,,,,,,,,,,,,,,,,,,,,
C,60.8,40.2,44.2,38.6,,,,,,,,,,,,,,,,,,,,,,,,,
W,11.7,21.7,11.7,14.6,,,,,,,,,,,,,,,,,,,,,,,,,
C,39.8,27.1,17.8,21.3,,,,,,,,,,,,,,,,,,,,,,,,,
W,58.0,45.3,26.9,22.9,,,,,,,,,,,,,,,,,,,,,,,,,
C,17.0,24.8,21.8,23.6,,,,,,,,,,,,,,,,,,,,,,,,,
C,0.0,0.0,0.0,0.0,,,,,,,,,,,,,,,,,,,,,,,,,
C,19.8,32.2,15.3,14.7,,,,,,,,,,,,,,,,,,,,,,,,,
C,36.7,47.0,22.9,25.6,,,,,,,,,,,,,,,,,,,,,,,,,
C,19.2,21.3,16.9,20.8,,,,,,,,,,,,,,,,,,,,,,,,,
W,17.2,8.8,14.0,7.8,,,,,,,,,,,,,,,,,,,,,,,,,
W,28.7,22.3,15.8,18.7,,,,,,,,,,,,,,,,,,,,,,,,,
C,15.8,29.2,15.8,12.3,,,,,,,,,,,,,,,,,,,,,,,,,
C,24.3,16.0,14.2,20.3,,,,,,,,,,,,,,,,,,,,,,,,,
W,70.8,50.3,22.7,31.0,,,,,,,,,,,,,,,,,,,,,,,,,
C,14.9,22.2,21.0,21.0,,,,,,,,,,,,,,,,,,,,,,,,,
W,19.1,37.8,26.9,10.2,,,,,,,,,,,,,,,,,,,,,,,,,
W,8.2,22.8,5.3,12.3,,,,,,,,,,,,,,,,,,,,,,,,,
W,24.8,26.2,22.1,20.2,,,,,,,,,,,,,,,,,,,,,,,,,
C,17.9,17.7,10.9,18.5,,,,,,,,,,,,,,,,,,,,,,,,,
W,12.4,15.6,9.7,20.6,,,,,,,,,,,,,,,,,,,,,,,,,
C,10.1,1.9,6.4,1.9,,,,,,,,,,,,,,,,,,,,,,,,,
W,20.6,38.8,17.8,21.8,,,,,,,,,,,,,,,,,,,,,,,,,
C,1.5,11.4,4.8,1.0,,,,,,,,,,,,,,,,,,,,,,,,,
W,15.2,30.3,14.3,25.3,,,,,,,,,,,,,,,,,,,,,,,,,
W,3.7,24.2,6.6,11.9,,,,,,,,,,,,,,,,,,,,,,,,,
C,10.6,12.8,9.3,10.1,,,,,,,,,,,,,,,,,,,,,,,,,
W,26.2,23.7,22.3,27.3,,,,,,,,,,,,,,,,,,,,,,,,,
W,53.8,41.5,28.9,29.0,,,,,,,,,,,,,,,,,,,,,,,,,
C,32.8,37.9,19.1,25.9,,,,,,,,,,,,,,,,,,,,,,,,,
C,27.0,23.1,14.7,20.4,,,,,,,,,,,,,,,,,,,,,,,,,
C,41.5,22.6,20.4,23.8,,,,,,,,,,,,,,,,,,,,,,,,,
C,13.4,7.6,9.8,12.9,,,,,,,,,,,,,,,,,,,,,,,,,
C,51.3,59.8,35.8,54.4,,,,,,,,,,,,,,,,,,,,,,,,,
C,26.2,33.0,16.7,17.1,,,,,,,,,,,,,,,,,,,,,,,,,
W,13.5,11.2,9.6,17.9,,,,,,,,,,,,,,,,,,,,,,,,,
C,20.0,15.4,15.4,17.5,,,,,,,,,,,,,,,,,,,,,,,,,
W,17.2,51.8,17.2,35.4,,,,,,,,,,,,,,,,,,,,,,,,,
W,40.2,44.2,16.8,23.7,,,,,,,,,,,,,,,,,,,,,,,,,
C,25.3,13.8,16.3,10.8,,,,,,,,,,,,,,,,,,,,,,,,,
W,17.1,27.2,23.7,13.4,,,,,,,,,,,,,,,,,,,,,,,,,
W,33.5,27.3,14.2,19.8,,,,,,,,,,,,,,,,,,,,,,,,,
W,31.2,37.3,22.5,24.5,,,,,,,,,,,,,,,,,,,,,,,,,
W,48.5,49.5,26.7,20.8,,,,,,,,,,,,,,,,,,,,,,,,,
W,23.1,21.9,16.7,16.0,,,,,,,,,,,,,,,,,,,,,,,,,
C,22.8,6.8,14.1,9.7,,,,,,,,,,,,,,,,,,,,,,,,,
W,24.6,28.5,16.3,16.2,,,,,,,,,,,,,,,,,,,,,,,,,
C,30.2,51.8,19.7,22.9,,,,,,,,,,,,,,,,,,,,,,,,,
C,24.0,2.0,13.7,2.1,,,,,,,,,,,,,,,,,,,,,,,,,
W,9.8,8.8,8.8,10.4,,,,,,,,,,,,,,,,,,,,,,,,,
C,38.4,30.2,19.3,24.3,,,,,,,,,,,,,,,,,,,,,,,,,
C,0.0,0.0,0.0,0.0,,,,,,,,,,,,,,,,,,,,,,,,,
W,10.2,14.1,9.1,6.8,,,,,,,,,,,,,,,,,,,,,,,,,
C,50.1,76.9,25.7,19.6,,,,,,,,,,,,,,,,,,,,,,,,,
C,19.3,31.6,15.9,18.6,,,,,,,,,,,,,,,,,,,,,,,,,
W,30.1,33.1,18.6,17.7,,,,,,,,,,,,,,,,,,,,,,,,,
C,58.9,40.5,26.0,29.1,,,,,,,,,,,,,,,,,,,,,,,,,
C,12.7,18.3,12.5,18.1,,,,,,,,,,,,,,,,,,,,,,,,,
W,33.9,13.4,15.4,10.6,,,,,,,,,,,,,,,,,,,,,,,,,
C,37.2,42.8,35.9,28.7,,,,,,,,,,,,,,,,,,,,,,,,,
C,2.2,3.1,1.1,4.5,,,,,,,,,,,,,,,,,,,,,,,,,
C,27.6,34.3,27.7,18.3,,,,,,,,,,,,,,,,,,,,,,,,,
W,36.4,29.2,37.9,20.8,,,,,,,,,,,,,,,,,,,,,,,,,
W,32.6,37.7,17.9,23.0,,,,,,,,,,,,,,,,,,,,,,,,,
W,41.6,60.4,33.8,42.6,,,,,,,,,,,,,,,,,,,,,,,,,
C,37.2,25.4,20.5,25.8,,,,,,,,,,,,,,,,,,,,,,,,,
C,14.6,14.6,19.0,19.0,,,,,,,,,,,,,,,,,,,,,,,,,
C,31.2,33.6,23.6,18.4,,,,,,,,,,,,,,,,,,,,,,,,,
W,36.8,21.8,18.9,32.2,,,,,,,,,,,,,,,,,,,,,,,,,
C,54.4,51.3,21.1,15.9,,,,,,,,,,,,,,,,,,,,,,,,,
C,29.1,23.3,15.4,20.5,,,,,,,,,,,,,,,,,,,,,,,,,
C,35.8,24.6,26.3,17.9,,,,,,,,,,,,,,,,,,,,,,,,,
C,12.6,22.8,5.7,7.4,,,,,,,,,,,,,,,,,,,,,,,,,
W,9.3,12.8,4.7,11.6,,,,,,,,,,,,,,,,,,,,,,,,,
C,11.4,13.0,13.7,13.8,,,,,,,,,,,,,,,,,,,,,,,,,
W,16.3,14.8,9.8,13.5,,,,,,,,,,,,,,,,,,,,,,,,,
C,-0.2,54.8,4.8,10.6,,,,,,,,,,,,,,,,,,,,,,,,,
W,39.4,15.6,24.3,20.3,,,,,,,,,,,,,,,,,,,,,,,,,
C,8.3,24.0,5.5,10.7,,,,,,,,,,,,,,,,,,,,,,,,,
C,17.5,32.6,13.6,16.0,,,,,,,,,,,,,,,,,,,,,,,,,
W,24.6,37.7,25.7,22.3,,,,,,,,,,,,,,,,,,,,,,,,,
C,25.6,19.3,20.6,12.3,,,,,,,,,,,,,,,,,,,,,,,,,
C,13.2,13.3,8.3,8.5,,,,,,,,,,,,,,,,,,,,,,,,,
C,10.7,7.0,5.9,8.3,,,,,,,,,,,,,,,,,,,,,,,,,
C,27.5,21.6,14.9,12.4,,,,,,,,,,,,,,,,,,,,,,,,,
W,39.3,42.5,24.6,24.5,,,,,,,,,,,,,,,,,,,,,,,,,
C,18.6,17.5,19.5,8.3,,,,,,,,,,,,,,,,,,,,,,,,,
W,29.9,33.4,15.8,6.5,,,,,,,,,,,,,,,,,,,,,,,,,
C,36.2,37.8,25.0,32.3,,,,,,,,,,,,,,,,,,,,,,,,,
C,15.4,16.5,6.0,10.8,,,,,,,,,,,,,,,,,,,,,,,,,
W,35.0,41.7,18.3,8.7,,,,,,,,,,,,,,,,,,,,,,,,,
C,29.5,32.5,28.2,27.6,,,,,,,,,,,,,,,,,,,,,,,,,
W,30.1,43.5,18.0,23.6,,,,,,,,,,,,,,,,,,,,,,,,,
C,13.6,17.8,9.8,10.6,,,,,,,,,,,,,,,,,,,,,,,,,
W,10.6,79.2,13.0,44.2,,,,,,,,,,,,,,,,,,,,,,,,,
C,22.0,30.5,22.4,40.0,,,,,,,,,,,,,,,,,,,,,,,,,
W,26.6,12.4,15.5,7.0,,,,,,,,,,,,,,,,,,,,,,,,,
W,22.9,24.8,12.1,10.6,,,,,,,,,,,,,,,,,,,,,,,,,
C,45.4,54.1,23.3,27.0,,,,,,,,,,,,,,,,,,,,,,,,,
C,16.5,20.6,17.8,18.1,,,,,,,,,,,,,,,,,,,,,,,,,
W,39.4,40.2,23.1,24.1,,,,,,,,,,,,,,,,,,,,,,,,,
C,34.7,41.5,16.0,23.0,,,,,,,,,,,,,,,,,,,,,,,,,
W,71.4,28.7,29.4,22.7,,,,,,,,,,,,,,,,,,,,,,,,,
C,43.8,39.6,25.6,18.3,,,,,,,,,,,,,,,,,,,,,,,,,
C,17.5,20.2,6.4,13.3,,,,,,,,,,,,,,,,,,,,,,,,,
W,32.7,10.8,13.8,17.0,,,,,,,,,,,,,,,,,,,,,,,,,
W,23.5,19.6,19.9,16.4,,,,,,,,,,,,,,,,,,,,,,,,,
W,24.2,31.4,19.0,19.3,,,,,,,,,,,,,,,,,,,,,,,,,
C,31.2,26.3,22.5,29.2,,,,,,,,,,,,,,,,,,,,,,,,,
C,23.8,10.3,14.6,9.5,,,,,,,,,,,,,,,,,,,,,,,,,
C,23.9,38.8,19.4,23.4,,,,,,,,,,,,,,,,,,,,,,,,,
C,16.6,37.0,10.9,24.7,,,,,,,,,,,,,,,,,,,,,,,,,
W,35.4,20.5,16.1,13.7,,,,,,,,,,,,,,,,,,,,,,,,,
C,24.3,50.3,23.6,20.3,,,,,,,,,,,,,,,,,,,,,,,,,
W,15.0,6.8,8.4,11.3,,,,,,,,,,,,,,,,,,,,,,,,,
C,27.5,7.5,25.6,8.4,,,,,,,,,,,,,,,,,,,,,,,,,
C,43.1,28.5,23.2,24.0,,,,,,,,,,,,,,,,,,,,,,,,,
W,53.8,37.1,37.8,31.6,,,,,,,,,,,,,,,,,,,,,,,,,
C,26.6,44.3,23.0,21.1,,,,,,,,,,,,,,,,,,,,,,,,,
W,33.3,10.8,20.6,8.9,,,,,,,,,,,,,,,,,,,,,,,,,
C,19.4,6.1,14.7,4.1,,,,,,,,,,,,,,,,,,,,,,,,,
C,67.8,80.3,38.4,39.5,,,,,,,,,,,,,,,,,,,,,,,,,
C,23.0,29.7,15.1,45.2,,,,,,,,,,,,,,,,,,,,,,,,,
W,10.7,22.6,8.3,12.9,,,,,,,,,,,,,,,,,,,,,,,,,
W,51.4,17.7,26.8,11.3,,,,,,,,,,,,,,,,,,,,,,,,,
W,16.4,21.8,18.2,20.1,,,,,,,,,,,,,,,,,,,,,,,,,
W,25.3,34.2,14.6,21.3,,,,,,,,,,,,,,,,,,,,,,,,,
W,31.7,7.0,15.8,14.2,,,,,,,,,,,,,,,,,,,,,,,,,
C,15.7,8.0,23.3,17.4,,,,,,,,,,,,,,,,,,,,,,,,,
C,6.2,42.9,11.0,18.7,,,,,,,,,,,,,,,,,,,,,,,,,
C,33.8,19.8,24.2,17.2,,,,,,,,,,,,,,,,,,,,,,,,,
C,7.6,18.9,5.5,5.7,,,,,,,,,,,,,,,,,,,,,,,,,
C,3.8,22.1,19.2,4.3,,,,,,,,,,,,,,,,,,,,,,,,,
C,33.8,37.8,28.4,21.9,,,,,,,,,,,,,,,,,,,,,,,,,
W,32.3,13.3,11.3,11.8,,,,,,,,,,,,,,,,,,,,,,,,,
C,23.4,20.0,14.2,18.8,,,,,,,,,,,,,,,,,,,,,,,,,
C,26.8,8.8,13.5,16.9,,,,,,,,,,,,,,,,,,,,,,,,,
C,11.0,20.2,14.4,17.2,,,,,,,,,,,,,,,,,,,,,,,,,
W,48.5,37.4,21.5,19.3,,,,,,,,,,,,,,,,,,,,,,,,,
W,12.8,34.6,6.3,18.6,,,,,,,,,,,,,,,,,,,,,,,,,
C,27.9,27.8,25.7,33.7,,,,,,,,,,,,,,,,,,,,,,,,,
C,17.6,22.4,12.6,16.3,,,,,,,,,,,,,,,,,,,,,,,,,
W,22.8,24.5,18.9,14.3,,,,,,,,,,,,,,,,,,,,,,,,,
C,15.7,2.4,7.4,6.0,,,,,,,,,,,,,,,,,,,,,,,,,
W,26.2,28.0,14.4,27.0,,,,,,,,,,,,,,,,,,,,,,,,,
W,32.6,40.1,13.9,23.7,,,,,,,,,,,,,,,,,,,,,,,,,
W,19.8,27.1,13.6,21.4,,,,,,,,,,,,,,,,,,,,,,,,,
C,0.0,0.0,0.0,0.0,,,,,,,,,,,,,,,,,,,,,,,,,
W,30.4,30.2,18.7,18.3,,,,,,,,,,,,,,,,,,,,,,,,,
W,23.9,26.3,11.3,19.8,,,,,,,,,,,,,,,,,,,,,,,,,
C,23.4,31.3,25.9,22.8,,,,,,,,,,,,,,,,,,,,,,,,,
W,14.1,55.9,8.2,30.9,,,,,,,,,,,,,,,,,,,,,,,,,
C,33.3,37.4,23.3,21.5,,,,,,,,,,,,,,,,,,,,,,,,,
C,7.3,34.5,5.6,13.8,,,,,,,,,,,,,,,,,,,,,,,,,
W,24.6,29.5,16.6,17.1,,,,,,,,,,,,,,,,,,,,,,,,,
C,11.5,11.8,13.6,13.1,,,,,,,,,,,,,,,,,,,,,,,,,
W,16.7,20.8,14.1,21.9,,,,,,,,,,,,,,,,,,,,,,,,,
C,17.5,17.9,18.3,13.7,,,,,,,,,,,,,,,,,,,,,,,,,
W,23.8,11.4,13.5,16.0,,,,,,,,,,,,,,,,,,,,,,,,,
C,21.2,15.2,14.8,16.6,,,,,,,,,,,,,,,,,,,,,,,,,
C,10.2,6.7,6.9,2.8,,,,,,,,,,,,,,,,,,,,,,,,,
W,14.4,11.7,10.6,14.6,,,,,,,,,,,,,,,,,,,,,,,,,
C,16.9,29.5,18.7,29.5,,,,,,,,,,,,,,,,,,,,,,,,,
W,6.2,10.8,6.7,11.7,,,,,,,,,,,,,,,,,,,,,,,,,
W,8.5,15.3,6.8,18.3,,,,,,,,,,,,,,,,,,,,,,,,,
C,12.8,19.1,14.3,15.7,,,,,,,,,,,,,,,,,,,,,,,,,
W,40.1,46.8,14.1,22.2,,,,,,,,,,,,,,,,,,,,,,,,,
W,10.8,13.1,6.8,4.9,,,,,,,,,,,,,,,,,,,,,,,,,
W,51.7,48.4,20.4,27.8,,,,,,,,,,,,,,,,,,,,,,,,,
W,32.4,26.9,19.7,21.6,,,,,,,,,,,,,,,,,,,,,,,,,
W,42.7,57.2,37.2,31.4,,,,,,,,,,,,,,,,,,,,,,,,,
W,6.1,7.2,6.4,10.2,,,,,,,,,,,,,,,,,,,,,,,,,
C,22.2,31.3,14.5,15.7,,,,,,,,,,,,,,,,,,,,,,,,,
C,66.3,16.2,28.1,14.6,,,,,,,,,,,,,,,,,,,,,,,,,
W,12.4,13.3,11.4,12.5,,,,,,,,,,,,,,,,,,,,,,,,,
W,0.0,0.0,0.0,0.0,,,,,,,,,,,,,,,,,,,,,,,,,
W,24.8,15.2,12.1,14.6,,,,,,,,,,,,,,,,,,,,,,,,,
C,7.9,29.0,7.6,14.8,,,,,,,,,,,,,,,,,,,,,,,,,
W,0.0,32.4,0.0,18.7,,,,,,,,,,,,,,,,,,,,,,,,,
C,33.9,54.8,31.3,24.2,,,,,,,,,,,,,,,,,,,,,,,,,
W,37.0,37.6,26.6,22.1,,,,,,,,,,,,,,,,,,,,,,,,,
W,32.2,42.3,22.3,16.9,,,,,,,,,,,,,,,,,,,,,,,,,
W,19.9,23.7,19.4,18.2,,,,,,,,,,,,,,,,,,,,,,,,,
C,30.6,49.0,21.3,25.3,,,,,,,,,,,,,,,,,,,,,,,,,
C,16.1,12.5,6.8,12.7,,,,,,,,,,,,,,,,,,,,,,,,,
C,1.3,36.0,1.7,15.2,,,,,,,,,,,,,,,,,,,,,,,,,
W,25.9,29.2,16.5,16.6,,,,,,,,,,,,,,,,,,,,,,,,,
W,31.7,-2.8,22.7,3.2,,,,,,,,,,,,,,,,,,,,,,,,,
C,44.0,57.7,31.0,33.6,,,,,,,,,,,,,,,,,,,,,,,,,
W,45.0,54.1,23.8,26.0,,,,,,,,,,,,,,,,,,,,,,,,,
C,14.3,18.5,9.4,17.8,,,,,,,,,,,,,,,,,,,,,,,,,
C,21.5,20.2,20.2,21.3,,,,,,,,,,,,,,,,,,,,,,,,,
W,31.0,29.8,30.0,30.9,,,,,,,,,,,,,,,,,,,,,,,,,
W,21.3,30.3,19.2,14.6,,,,,,,,,,,,,,,,,,,,,,,,,
W,0.0,15.5,0.0,15.5,,,,,,,,,,,,,,,,,,,,,,,,,
W,38.1,0.0,11.8,0.0,,,,,,,,,,,,,,,,,,,,,,,,,
C,21.6,13.8,11.6,9.1,,,,,,,,,,,,,,,,,,,,,,,,,
W,19.2,23.4,12.3,11.7,,,,,,,,,,,,,,,,,,,,,,,,,
W,52.3,8.1,22.7,6.3,,,,,,,,,,,,,,,,,,,,,,,,,
C,22.3,16.2,15.7,25.6,,,,,,,,,,,,,,,,,,,,,,,,,
C,31.1,26.8,38.0,25.4,,,,,,,,,,,,,,,,,,,,,,,,,
C,33.1,32.9,21.7,24.1,,,,,,,,,,,,,,,,,,,,,,,,,
C,25.9,40.5,17.0,12.2,,,,,,,,,,,,,,,,,,,,,,,,,
C,63.4,70.0,39.5,40.2,,,,,,,,,,,,,,,,,,,,,,,,,
W,13.1,12.1,9.2,9.0,,,,,,,,,,,,,,,,,,,,,,,,,
C,24.3,22.3,15.4,23.9,,,,,,,,,,,,,,,,,,,,,,,,,
C,22.3,16.7,16.9,14.3,,,,,,,,,,,,,,,,,,,,,,,,,
W,34.7,12.3,18.3,9.4,,,,,,,,,,,,,,,,,,,,,,,,,
W,40.1,28.9,13.5,19.3,,,,,,,,,,,,,,,,,,,,,,,,,
C,17.4,36.7,16.3,24.3,,,,,,,,,,,,,,,,,,,,,,,,,
W,13.2,6.1,11.2,5.5,,,,,,,,,,,,,,,,,,,,,,,,,
C,31.1,17.9,19.3,12.1,,,,,,,,,,,,,,,,,,,,,,,,,
C,12.6,9.1,11.2,8.4,,,,,,,,,,,,,,,,,,,,,,,,,
W,14.5,13.3,7.8,11.1,,,,,,,,,,,,,,,,,,,,,,,,,
,,,,,,,,,,,,,,,,,,,,,,,,,,,,,
,,,,,,,,,,,,,,,,,,,,,,,,,,,,,
,,,,,,,,,,,,,,,,,,,,,,,,,,,,,
,,,,,,,,,,,,,,,,,,,,,,,,,,,,,
,,,,,,,,,,,,,,,,,,,,,,,,,,,,,
,,,,,,,,,,,,,,,,,,,,,,,,,,,,,
,,,,,,,,,,,,,,,,,,,,,,,,,,,,,
,,,,,,,,,,,,,,,,,,,,,,,,,,,,,
,,,,,,,,,,,,,,,,,,,,,,,,,,,,,
,,,,,,,,,,,,,,,,,,,,,,,,,,,,,
,,,,,,,,,,,,,,,,,,,,,,,,,,,,,
,,,,,,,,,,,,,,,,,,,,,,,,,,,,,
,,,,,,,,,,,,,,,,,,,,,,,,,,,,,
,,,,,,,,,,,,,,,,,,,,,,,,,,,,,
,,,,,,,,,,,,,,,,,,,,,,,,,,,,,
,,,,,,,,,,,,,,,,,,,,,,,,,,,,,
,,,,,,,,,,,,,,,,,,,,,,,,,,,,,
,,,,,,,,,,,,,,,,,,,,,,,,,,,,,
,,,,,,,,,,,,,,,,,,,,,,,,,,,,,
,,,,,,,,,,,,,,,,,,,,,,,,,,,,,
,,,,,,,,,,,,,,,,,,,,,,,,,,,,,
,,,,,,,,,,,,,,,,,,,,,,,,,,,,,
,,,,,,,,,,,,,,,,,,,,,,,,,,,,,
,,,,,,,,,,,,,,,,,,,,,,,,,,,,,
,,,,,,,,,,,,,,,,,,,,,,,,,,,,,
,,,,,,,,,,,,,,,,,,,,,,,,,,,,,
,,,,,,,,,,,,,,,,,,,,,,,,,,,,,
,,,,,,,,,,,,,,,,,,,,,,,,,,,,,
,,,,,,,,,,,,,,,,,,,,,,,,,,,,,
,,,,,,,,,,,,,,,,,,,,,,,,,,,,,
,,,,,,,,,,,,,,,,,,,,,,,,,,,,,
,,,,,,,,,,,,,,,,,,,,,,,,,,,,,
,,,,,,,,,,,,,,,,,,,,,,,,,,,,,
,,,,,,,,,,,,,,,,,,,,,,,,,,,,,
,,,,,,,,,,,,,,,,,,,,,,,,,,,,,
,,,,,,,,,,,,,,,,,,,,,,,,,,,,,
,,,,,,,,,,,,,,,,,,,,,,,,,,,,,
,,,,,,,,,,,,,,,,,,,,,,,,,,,,,
,,,,,,,,,,,,,,,,,,,,,,,,,,,,,
,,,,,,,,,,,,,,,,,,,,,,,,,,,,,
,,,,,,,,,,,,,,,,,,,,,,,,,,,,,
,,,,,,,,,,,,,,,,,,,,,,,,,,,,,
,,,,,,,,,,,,,,,,,,,,,,,,,,,,,
,,,,,,,,,,,,,,,,,,,,,,,,,,,,,
,,,,,,,,,,,,,,,,,,,,,,,,,,,,,
,,,,,,,,,,,,,,,,,,,,,,,,,,,,,
,,,,,,,,,,,,,,,,,,,,,,,,,,,,,
,,,,,,,,,,,,,,,,,,,,,,,,,,,,,
,,,,,,,,,,,,,,,,,,,,,,,,,,,,,
,,,,,,,,,,,,,,,,,,,,,,,,,,,,,
,,,,,,,,,,,,,,,,,,,,,,,,,,,,,
,,,,,,,,,,,,,,,,,,,,,,,,,,,,,
,,,,,,,,,,,,,,,,,,,,,,,,,,,,,
,,,,,,,,,,,,,,,,,,,,,,,,,,,,,
,,,,,,,,,,,,,,,,,,,,,,,,,,,,,
,,,,,,,,,,,,,,,,,,,,,,,,,,,,,
,,,,,,,,,,,,,,,,,,,,,,,,,,,,,
,,,,,,,,,,,,,,,,,,,,,,,,,,,,,
,,,,,,,,,,,,,,,,,,,,,,,,,,,,,
,,,,,,,,,,,,,,,,,,,,,,,,,,,,,
,,,,,,,,,,,,,,,,,,,,,,,,,,,,,
,,,,,,,,,,,,,,,,,,,,,,,,,,,,,
,,,,,,,,,,,,,,,,,,,,,,,,,,,,,
,,,,,,,,,,,,,,,,,,,,,,,,,,,,,
,,,,,,,,,,,,,,,,,,,,,,,,,,,,,
,,,,,,,,,,,,,,,,,,,,,,,,,,,,,
,,,,,,,,,,,,,,,,,,,,,,,,,,,,,
,,,,,,,,,,,,,,,,,,,,,,,,,,,,,
,,,,,,,,,,,,,,,,,,,,,,,,,,,,,
,,,,,,,,,,,,,,,,,,,,,,,,,,,,,
,,,,,,,,,,,,,,,,,,,,,,,,,,,,,
,,,,,,,,,,,,,,,,,,,,,,,,,,,,,
,,,,,,,,,,,,,,,,,,,,,,,,,,,,,
,,,,,,,,,,,,,,,,,,,,,,,,,,,,,
,,,,,,,,,,,,,,,,,,,,,,,,,,,,,
,,,,,,,,,,,,,,,,,,,,,,,,,,,,,
,,,,,,,,,,,,,,,,,,,,,,,,,,,,,
,,,,,,,,,,,,,,,,,,,,,,,,,,,,,
,,,,,,,,,,,,,,,,,,,,,,,,,,,,,
,,,,,,,,,,,,,,,,,,,,,,,,,,,,,
,,,,,,,,,,,,,,,,,,,,,,,,,,,,,
,,,,,,,,,,,,,,,,,,,,,,,,,,,,,
,,,,,,,,,,,,,,,,,,,,,,,,,,,,,
,,,,,,,,,,,,,,,,,,,,,,,,,,,,,
,,,,,,,,,,,,,,,,,,,,,,,,,,,,,
,,,,,,,,,,,,,,,,,,,,,,,,,,,,,
,,,,,,,,,,,,,,,,,,,,,,,,,,,,,
,,,,,,,,,,,,,,,,,,,,,,,,,,,,,
,,,,,,,,,,,,,,,,,,,,,,,,,,,,,
,,,,,,,,,,,,,,,,,,,,,,,,,,,,,
,,,,,,,,,,,,,,,,,,,,,,,,,,,,,
,,,,,,,,,,,,,,,,,,,,,,,,,,,,,
,,,,,,,,,,,,,,,,,,,,,,,,,,,,,
,,,,,,,,,,,,,,,,,,,,,,,,,,,,,
,,,,,,,,,,,,,,,,,,,,,,,,,,,,,
,,,,,,,,,,,,,,,,,,,,,,,,,,,,,
,,,,,,,,,,,,,,,,,,,,,,,,,,,,,
,,,,,,,,,,,,,,,,,,,,,,,,,,,,,
,,,,,,,,,,,,,,,,,,,,,,,,,,,,,
,,,,,,,,,,,,,,,,,,,,,,,,,,,,,
,,,,,,,,,,,,,,,,,,,,,,,,,,,,,
,,,,,,,,,,,,,,,,,,,,,,,,,,,,,
,,,,,,,,,,,,,,,,,,,,,,,,,,,,,
,,,,,,,,,,,,,,,,,,,,,,,,,,,,,
,,,,,,,,,,,,,,,,,,,,,,,,,,,,,
,,,,,,,,,,,,,,,,,,,,,,,,,,,,,
,,,,,,,,,,,,,,,,,,,,,,,,,,,,,
,,,,,,,,,,,,,,,,,,,,,,,,,,,,,
,,,,,,,,,,,,,,,,,,,,,,,,,,,,,
,,,,,,,,,,,,,,,,,,,,,,,,,,,,,
,,,,,,,,,,,,,,,,,,,,,,,,,,,,,
,,,,,,,,,,,,,,,,,,,,,,,,,,,,,
,,,,,,,,,,,,,,,,,,,,,,,,,,,,,
,,,,,,,,,,,,,,,,,,,,,,,,,,,,,
,,,,,,,,,,,,,,,,,,,,,,,,,,,,,
,,,,,,,,,,,,,,,,,,,,,,,,,,,,,
,,,,,,,,,,,,,,,,,,,,,,,,,,,,,
,,,,,,,,,,,,,,,,,,,,,,,,,,,,,
,,,,,,,,,,,,,,,,,,,,,,,,,,,,,
,,,,,,,,,,,,,,,,,,,,,,,,,,,,,
,,,,,,,,,,,,,,,,,,,,,,,,,,,,,
,,,,,,,,,,,,,,,,,,,,,,,,,,,,,
,,,,,,,,,,,,,,,,,,,,,,,,,,,,,
,,,,,,,,,,,,,,,,,,,,,,,,,,,,,
,,,,,,,,,,,,,,,,,,,,,,,,,,,,,
,,,,,,,,,,,,,,,,,,,,,,,,,,,,,
,,,,,,,,,,,,,,,,,,,,,,,,,,,,,
,,,,,,,,,,,,,,,,,,,,,,,,,,,,,
,,,,,,,,,,,,,,,,,,,,,,,,,,,,,
,,,,,,,,,,,,,,,,,,,,,,,,,,,,,
,,,,,,,,,,,,,,,,,,,,,,,,,,,,,
,,,,,,,,,,,,,,,,,,,,,,,,,,,,,
,,,,,,,,,,,,,,,,,,,,,,,,,,,,,
,,,,,,,,,,,,,,,,,,,,,,,,,,,,,
,,,,,,,,,,,,,,,,,,,,,,,,,,,,,
,,,,,,,,,,,,,,,,,,,,,,,,,,,,,
,,,,,,,,,,,,,,,,,,,,,,,,,,,,,
,,,,,,,,,,,,,,,,,,,,,,,,,,,,,
,,,,,,,,,,,,,,,,,,,,,,,,,,,,,
,,,,,,,,,,,,,,,,,,,,,,,,,,,,,
,,,,,,,,,,,,,,,,,,,,,,,,,,,,,
,,,,,,,,,,,,,,,,,,,,,,,,,,,,,
,,,,,,,,,,,,,,,,,,,,,,,,,,,,,
,,,,,,,,,,,,,,,,,,,,,,,,,,,,,
,,,,,,,,,,,,,,,,,,,,,,,,,,,,,
,,,,,,,,,,,,,,,,,,,,,,,,,,,,,
,,,,,,,,,,,,,,,,,,,,,,,,,,,,,
,,,,,,,,,,,,,,,,,,,,,,,,,,,,,
,,,,,,,,,,,,,,,,,,,,,,,,,,,,,
,,,,,,,,,,,,,,,,,,,,,,,,,,,,,
,,,,,,,,,,,,,,,,,,,,,,,,,,,,,
,,,,,,,,,,,,,,,,,,,,,,,,,,,,,
,,,,,,,,,,,,,,,,,,,,,,,,,,,,,
,,,,,,,,,,,,,,,,,,,,,,,,,,,,,
,,,,,,,,,,,,,,,,,,,,,,,,,,,,,
,,,,,,,,,,,,,,,,,,,,,,,,,,,,,
,,,,,,,,,,,,,,,,,,,,,,,,,,,,,
,,,,,,,,,,,,,,,,,,,,,,,,,,,,,
,,,,,,,,,,,,,,,,,,,,,,,,,,,,,
,,,,,,,,,,,,,,,,,,,,,,,,,,,,,
,,,,,,,,,,,,,,,,,,,,,,,,,,,,,
,,,,,,,,,,,,,,,,,,,,,,,,,,,,,
,,,,,,,,,,,,,,,,,,,,,,,,,,,,,
,,,,,,,,,,,,,,,,,,,,,,,,,,,,,
,,,,,,,,,,,,,,,,,,,,,,,,,,,,,
,,,,,,,,,,,,,,,,,,,,,,,,,,,,,
,,,,,,,,,,,,,,,,,,,,,,,,,,,,,
,,,,,,,,,,,,,,,,,,,,,,,,,,,,,
,,,,,,,,,,,,,,,,,,,,,,,,,,,,,
,,,,,,,,,,,,,,,,,,,,,,,,,,,,,
,,,,,,,,,,,,,,,,,,,,,,,,,,,,,
,,,,,,,,,,,,,,,,,,,,,,,,,,,,,
,,,,,,,,,,,,,,,,,,,,,,,,,,,,,
,,,,,,,,,,,,,,,,,,,,,,,,,,,,,
,,,,,,,,,,,,,,,,,,,,,,,,,,,,,
,,,,,,,,,,,,,,,,,,,,,,,,,,,,,
,,,,,,,,,,,,,,,,,,,,,,,,,,,,,
,,,,,,,,,,,,,,,,,,,,,,,,,,,,,
,,,,,,,,,,,,,,,,,,,,,,,,,,,,,
,,,,,,,,,,,,,,,,,,,,,,,,,,,,,
,,,,,,,,,,,,,,,,,,,,,,,,,,,,,
,,,,,,,,,,,,,,,,,,,,,,,,,,,,,
,,,,,,,,,,,,,,,,,,,,,,,,,,,,,
,,,,,,,,,,,,,,,,,,,,,,,,,,,,,
,,,,,,,,,,,,,,,,,,,,,,,,,,,,,
,,,,,,,,,,,,,,,,,,,,,,,,,,,,,
,,,,,,,,,,,,,,,,,,,,,,,,,,,,,
,,,,,,,,,,,,,,,,,,,,,,,,,,,,,
,,,,,,,,,,,,,,,,,,,,,,,,,,,,,
,,,,,,,,,,,,,,,,,,,,,,,,,,,,,
,,,,,,,,,,,,,,,,,,,,,,,,,,,,,
,,,,,,,,,,,,,,,,,,,,,,,,,,,,,
,,,,,,,,,,,,,,,,,,,,,,,,,,,,,
,,,,,,,,,,,,,,,,,,,,,,,,,,,,,
,,,,,,,,,,,,,,,,,,,,,,,,,,,,,
,,,,,,,,,,,,,,,,,,,,,,,,,,,,,
,,,,,,,,,,,,,,,,,,,,,,,,,,,,,
,,,,,,,,,,,,,,,,,,,,,,,,,,,,,
,,,,,,,,,,,,,,,,,,,,,,,,,,,,,
,,,,,,,,,,,,,,,,,,,,,,,,,,,,,
,,,,,,,,,,,,,,,,,,,,,,,,,,,,,
,,,,,,,,,,,,,,,,,,,,,,,,,,,,,
,,,,,,,,,,,,,,,,,,,,,,,,,,,,,
,,,,,,,,,,,,,,,,,,,,,,,,,,,,,
,,,,,,,,,,,,,,,,,,,,,,,,,,,,,
,,,,,,,,,,,,,,,,,,,,,,,,,,,,,
,,,,,,,,,,,,,,,,,,,,,,,,,,,,,
,,,,,,,,,,,,,,,,,,,,,,,,,,,,,
,,,,,,,,,,,,,,,,,,,,,,,,,,,,,
,,,,,,,,,,,,,,,,,,,,,,,,,,,,,
,,,,,,,,,,,,,,,,,,,,,,,,,,,,,
,,,,,,,,,,,,,,,,,,,,,,,,,,,,,
,,,,,,,,,,,,,,,,,,,,,,,,,,,,,
,,,,,,,,,,,,,,,,,,,,,,,,,,,,,
,,,,,,,,,,,,,,,,,,,,,,,,,,,,,
,,,,,,,,,,,,,,,,,,,,,,,,,,,,,
,,,,,,,,,,,,,,,,,,,,,,,,,,,,,
,,,,,,,,,,,,,,,,,,,,,,,,,,,,,
,,,,,,,,,,,,,,,,,,,,,,,,,,,,,
,,,,,,,,,,,,,,,,,,,,,,,,,,,,,
,,,,,,,,,,,,,,,,,,,,,,,,,,,,,
,,,,,,,,,,,,,,,,,,,,,,,,,,,,,
,,,,,,,,,,,,,,,,,,,,,,,,,,,,,
,,,,,,,,,,,,,,,,,,,,,,,,,,,,,
,,,,,,,,,,,,,,,,,,,,,,,,,,,,,
,,,,,,,,,,,,,,,,,,,,,,,,,,,,,
,,,,,,,,,,,,,,,,,,,,,,,,,,,,,
,,,,,,,,,,,,,,,,,,,,,,,,,,,,,
,,,,,,,,,,,,,,,,,,,,,,,,,,,,,
,,,,,,,,,,,,,,,,,,,,,,,,,,,,,
,,,,,,,,,,,,,,,,,,,,,,,,,,,,,
,,,,,,,,,,,,,,,,,,,,,,,,,,,,,
,,,,,,,,,,,,,,,,,,,,,,,,,,,,,
,,,,,,,,,,,,,,,,,,,,,,,,,,,,,
,,,,,,,,,,,,,,,,,,,,,,,,,,,,,
,,,,,,,,,,,,,,,,,,,,,,,,,,,,,
,,,,,,,,,,,,,,,,,,,,,,,,,,,,,
,,,,,,,,,,,,,,,,,,,,,,,,,,,,,
,,,,,,,,,,,,,,,,,,,,,,,,,,,,,
,,,,,,,,,,,,,,,,,,,,,,,,,,,,,
,,,,,,,,,,,,,,,,,,,,,,,,,,,,,
,,,,,,,,,,,,,,,,,,,,,,,,,,,,,
,,,,,,,,,,,,,,,,,,,,,,,,,,,,,
,,,,,,,,,,,,,,,,,,,,,,,,,,,,,
,,,,,,,,,,,,,,,,,,,,,,,,,,,,,
,,,,,,,,,,,,,,,,,,,,,,,,,,,,,
,,,,,,,,,,,,,,,,,,,,,,,,,,,,,
,,,,,,,,,,,,,,,,,,,,,,,,,,,,,
,,,,,,,,,,,,,,,,,,,,,,,,,,,,,
,,,,,,,,,,,,,,,,,,,,,,,,,,,,,
,,,,,,,,,,,,,,,,,,,,,,,,,,,,,
,,,,,,,,,,,,,,,,,,,,,,,,,,,,,
,,,,,,,,,,,,,,,,,,,,,,,,,,,,,
,,,,,,,,,,,,,,,,,,,,,,,,,,,,,
,,,,,,,,,,,,,,,,,,,,,,,,,,,,,
,,,,,,,,,,,,,,,,,,,,,,,,,,,,,
,,,,,,,,,,,,,,,,,,,,,,,,,,,,,
,,,,,,,,,,,,,,,,,,,,,,,,,,,,,
,,,,,,,,,,,,,,,,,,,,,,,,,,,,,
,,,,,,,,,,,,,,,,,,,,,,,,,,,,,
,,,,,,,,,,,,,,,,,,,,,,,,,,,,,
,,,,,,,,,,,,,,,,,,,,,,,,,,,,,
,,,,,,,,,,,,,,,,,,,,,,,,,,,,,
,,,,,,,,,,,,,,,,,,,,,,,,,,,,,
,,,,,,,,,,,,,,,,,,,,,,,,,,,,,
,,,,,,,,,,,,,,,,,,,,,,,,,,,,,
,,,,,,,,,,,,,,,,,,,,,,,,,,,,,
,,,,,,,,,,,,,,,,,,,,,,,,,,,,,
,,,,,,,,,,,,,,,,,,,,,,,,,,,,,
,,,,,,,,,,,,,,,,,,,,,,,,,,,,,
,,,,,,,,,,,,,,,,,,,,,,,,,,,,,
,,,,,,,,,,,,,,,,,,,,,,,,,,,,,
,,,,,,,,,,,,,,,,,,,,,,,,,,,,,
,,,,,,,,,,,,,,,,,,,,,,,,,,,,,
,,,,,,,,,,,,,,,,,,,,,,,,,,,,,
,,,,,,,,,,,,,,,,,,,,,,,,,,,,,
,,,,,,,,,,,,,,,,,,,,,,,,,,,,,
,,,,,,,,,,,,,,,,,,,,,,,,,,,,,
,,,,,,,,,,,,,,,,,,,,,,,,,,,,,
,,,,,,,,,,,,,,,,,,,,,,,,,,,,,
,,,,,,,,,,,,,,,,,,,,,,,,,,,,,
,,,,,,,,,,,,,,,,,,,,,,,,,,,,,
,,,,,,,,,,,,,,,,,,,,,,,,,,,,,
,,,,,,,,,,,,,,,,,,,,,,,,,,,,,
,,,,,,,,,,,,,,,,,,,,,,,,,,,,,
,,,,,,,,,,,,,,,,,,,,,,,,,,,,,
,,,,,,,,,,,,,,,,,,,,,,,,,,,,,
,,,,,,,,,,,,,,,,,,,,,,,,,,,,,
,,,,,,,,,,,,,,,,,,,,,,,,,,,,,
,,,,,,,,,,,,,,,,,,,,,,,,,,,,,
,,,,,,,,,,,,,,,,,,,,,,,,,,,,,
,,,,,,,,,,,,,,,,,,,,,,,,,,,,,
,,,,,,,,,,,,,,,,,,,,,,,,,,,,,
,,,,,,,,,,,,,,,,,,,,,,,,,,,,,
,,,,,,,,,,,,,,,,,,,,,,,,,,,,,
,,,,,,,,,,,,,,,,,,,,,,,,,,,,,
,,,,,,,,,,,,,,,,,,,,,,,,,,,,,
,,,,,,,,,,,,,,,,,,,,,,,,,,,,,
,,,,,,,,,,,,,,,,,,,,,,,,,,,,,
,,,,,,,,,,,,,,,,,,,,,,,,,,,,,
,,,,,,,,,,,,,,,,,,,,,,,,,,,,,
,,,,,,,,,,,,,,,,,,,,,,,,,,,,,
,,,,,,,,,,,,,,,,,,,,,,,,,,,,,
,,,,,,,,,,,,,,,,,,,,,,,,,,,,,
,,,,,,,,,,,,,,,,,,,,,,,,,,,,,
,,,,,,,,,,,,,,,,,,,,,,,,,,,,,
,,,,,,,,,,,,,,,,,,,,,,,,,,,,,
,,,,,,,,,,,,,,,,,,,,,,,,,,,,,
,,,,,,,,,,,,,,,,,,,,,,,,,,,,,
,,,,,,,,,,,,,,,,,,,,,,,,,,,,,
,,,,,,,,,,,,,,,,,,,,,,,,,,,,,
,,,,,,,,,,,,,,,,,,,,,,,,,,,,,
,,,,,,,,,,,,,,,,,,,,,,,,,,,,,
,,,,,,,,,,,,,,,,,,,,,,,,,,,,,
,,,,,,,,,,,,,,,,,,,,,,,,,,,,,
,,,,,,,,,,,,,,,,,,,,,,,,,,,,,
,,,,,,,,,,,,,,,,,,,,,,,,,,,,,
,,,,,,,,,,,,,,,,,,,,,,,,,,,,,
,,,,,,,,,,,,,,,,,,,,,,,,,,,,,
,,,,,,,,,,,,,,,,,,,,,,,,,,,,,
,,,,,,,,,,,,,,,,,,,,,,,,,,,,,
,,,,,,,,,,,,,,,,,,,,,,,,,,,,,
,,,,,,,,,,,,,,,,,,,,,,,,,,,,,
,,,,,,,,,,,,,,,,,,,,,,,,,,,,,
,,,,,,,,,,,,,,,,,,,,,,,,,,,,,
,,,,,,,,,,,,,,,,,,,,,,,,,,,,,
,,,,,,,,,,,,,,,,,,,,,,,,,,,,,
,,,,,,,,,,,,,,,,,,,,,,,,,,,,,
,,,,,,,,,,,,,,,,,,,,,,,,,,,,,
,,,,,,,,,,,,,,,,,,,,,,,,,,,,,
,,,,,,,,,,,,,,,,,,,,,,,,,,,,,
,,,,,,,,,,,,,,,,,,,,,,,,,,,,,
,,,,,,,,,,,,,,,,,,,,,,,,,,,,,
,,,,,,,,,,,,,,,,,,,,,,,,,,,,,
,,,,,,,,,,,,,,,,,,,,,,,,,,,,,
,,,,,,,,,,,,,,,,,,,,,,,,,,,,,
,,,,,,,,,,,,,,,,,,,,,,,,,,,,,
,,,,,,,,,,,,,,,,,,,,,,,,,,,,,
,,,,,,,,,,,,,,,,,,,,,,,,,,,,,
,,,,,,,,,,,,,,,,,,,,,,,,,,,,,
,,,,,,,,,,,,,,,,,,,,,,,,,,,,,
,,,,,,,,,,,,,,,,,,,,,,,,,,,,,
,,,,,,,,,,,,,,,,,,,,,,,,,,,,,
,,,,,,,,,,,,,,,,,,,,,,,,,,,,,
,,,,,,,,,,,,,,,,,,,,,,,,,,,,,
,,,,,,,,,,,,,,,,,,,,,,,,,,,,,
,,,,,,,,,,,,,,,,,,,,,,,,,,,,,
,,,,,,,,,,,,,,,,,,,,,,,,,,,,,
,,,,,,,,,,,,,,,,,,,,,,,,,,,,,
,,,,,,,,,,,,,,,,,,,,,,,,,,,,,
,,,,,,,,,,,,,,,,,,,,,,,,,,,,,
,,,,,,,,,,,,,,,,,,,,,,,,,,,,,
,,,,,,,,,,,,,,,,,,,,,,,,,,,,,
,,,,,,,,,,,,,,,,,,,,,,,,,,,,,
,,,,,,,,,,,,,,,,,,,,,,,,,,,,,
,,,,,,,,,,,,,,,,,,,,,,,,,,,,,
,,,,,,,,,,,,,,,,,,,,,,,,,,,,,
,,,,,,,,,,,,,,,,,,,,,,,,,,,,,
,,,,,,,,,,,,,,,,,,,,,,,,,,,,,
,,,,,,,,,,,,,,,,,,,,,,,,,,,,,
,,,,,,,,,,,,,,,,,,,,,,,,,,,,,
,,,,,,,,,,,,,,,,,,,,,,,,,,,,,
,,,,,,,,,,,,,,,,,,,,,,,,,,,,,
,,,,,,,,,,,,,,,,,,,,,,,,,,,,,
,,,,,,,,,,,,,,,,,,,,,,,,,,,,,
,,,,,,,,,,,,,,,,,,,,,,,,,,,,,
,,,,,,,,,,,,,,,,,,,,,,,,,,,,,
,,,,,,,,,,,,,,,,,,,,,,,,,,,,,
,,,,,,,,,,,,,,,,,,,,,,,,,,,,,
,,,,,,,,,,,,,,,,,,,,,,,,,,,,,
,,,,,,,,,,,,,,,,,,,,,,,,,,,,,
,,,,,,,,,,,,,,,,,,,,,,,,,,,,,
,,,,,,,,,,,,,,,,,,,,,,,,,,,,,
,,,,,,,,,,,,,,,,,,,,,,,,,,,,,
,,,,,,,,,,,,,,,,,,,,,,,,,,,,,
,,,,,,,,,,,,,,,,,,,,,,,,,,,,,
,,,,,,,,,,,,,,,,,,,,,,,,,,,,,
,,,,,,,,,,,,,,,,,,,,,,,,,,,,,
,,,,,,,,,,,,,,,,,,,,,,,,,,,,,
,,,,,,,,,,,,,,,,,,,,,,,,,,,,,
,,,,,,,,,,,,,,,,,,,,,,,,,,,,,
,,,,,,,,,,,,,,,,,,,,,,,,,,,,,
,,,,,,,,,,,,,,,,,,,,,,,,,,,,,
,,,,,,,,,,,,,,,,,,,,,,,,,,,,,
,,,,,,,,,,,,,,,,,,,,,,,,,,,,,
,,,,,,,,,,,,,,,,,,,,,,,,,,,,,
,,,,,,,,,,,,,,,,,,,,,,,,,,,,,
,,,,,,,,,,,,,,,,,,,,,,,,,,,,,
,,,,,,,,,,,,,,,,,,,,,,,,,,,,,
,,,,,,,,,,,,,,,,,,,,,,,,,,,,,
,,,,,,,,,,,,,,,,,,,,,,,,,,,,,
,,,,,,,,,,,,,,,,,,,,,,,,,,,,,
,,,,,,,,,,,,,,,,,,,,,,,,,,,,,
,,,,,,,,,,,,,,,,,,,,,,,,,,,,,
,,,,,,,,,,,,,,,,,,,,,,,,,,,,,
,,,,,,,,,,,,,,,,,,,,,,,,,,,,,
,,,,,,,,,,,,,,,,,,,,,,,,,,,,,
,,,,,,,,,,,,,,,,,,,,,,,,,,,,,
,,,,,,,,,,,,,,,,,,,,,,,,,,,,,
,,,,,,,,,,,,,,,,,,,,,,,,,,,,,
,,,,,,,,,,,,,,,,,,,,,,,,,,,,,
,,,,,,,,,,,,,,,,,,,,,,,,,,,,,
,,,,,,,,,,,,,,,,,,,,,,,,,,,,,
,,,,,,,,,,,,,,,,,,,,,,,,,,,,,
,,,,,,,,,,,,,,,,,,,,,,,,,,,,,
,,,,,,,,,,,,,,,,,,,,,,,,,,,,,
,,,,,,,,,,,,,,,,,,,,,,,,,,,,,
,,,,,,,,,,,,,,,,,,,,,,,,,,,,,
,,,,,,,,,,,,,,,,,,,,,,,,,,,,,
,,,,,,,,,,,,,,,,,,,,,,,,,,,,,
,,,,,,,,,,,,,,,,,,,,,,,,,,,,,
,,,,,,,,,,,,,,,,,,,,,,,,,,,,,
,,,,,,,,,,,,,,,,,,,,,,,,,,,,,
,,,,,,,,,,,,,,,,,,,,,,,,,,,,,
,,,,,,,,,,,,,,,,,,,,,,,,,,,,,
,,,,,,,,,,,,,,,,,,,,,,,,,,,,,
,,,,,,,,,,,,,,,,,,,,,,,,,,,,,
,,,,,,,,,,,,,,,,,,,,,,,,,,,,,
,,,,,,,,,,,,,,,,,,,,,,,,,,,,,
,,,,,,,,,,,,,,,,,,,,,,,,,,,,,
,,,,,,,,,,,,,,,,,,,,,,,,,,,,,
,,,,,,,,,,,,,,,,,,,,,,,,,,,,,
,,,,,,,,,,,,,,,,,,,,,,,,,,,,,
,,,,,,,,,,,,,,,,,,,,,,,,,,,,,
,,,,,,,,,,,,,,,,,,,,,,,,,,,,,
,,,,,,,,,,,,,,,,,,,,,,,,,,,,,
,,,,,,,,,,,,,,,,,,,,,,,,,,,,,
,,,,,,,,,,,,,,,,,,,,,,,,,,,,,
,,,,,,,,,,,,,,,,,,,,,,,,,,,,,
,,,,,,,,,,,,,,,,,,,,,,,,,,,,,
,,,,,,,,,,,,,,,,,,,,,,,,,,,,,
,,,,,,,,,,,,,,,,,,,,,,,,,,,,,
,,,,,,,,,,,,,,,,,,,,,,,,,,,,,
,,,,,,,,,,,,,,,,,,,,,,,,,,,,,
,,,,,,,,,,,,,,,,,,,,,,,,,,,,,
,,,,,,,,,,,,,,,,,,,,,,,,,,,,,
,,,,,,,,,,,,,,,,,,,,,,,,,,,,,
,,,,,,,,,,,,,,,,,,,,,,,,,,,,,
,,,,,,,,,,,,,,,,,,,,,,,,,,,,,
,,,,,,,,,,,,,,,,,,,,,,,,,,,,,
,,,,,,,,,,,,,,,,,,,,,,,,,,,,,
,,,,,,,,,,,,,,,,,,,,,,,,,,,,,
,,,,,,,,,,,,,,,,,,,,,,,,,,,,,
,,,,,,,,,,,,,,,,,,,,,,,,,,,,,
,,,,,,,,,,,,,,,,,,,,,,,,,,,,,
,,,,,,,,,,,,,,,,,,,,,,,,,,,,,
,,,,,,,,,,,,,,,,,,,,,,,,,,,,,
,,,,,,,,,,,,,,,,,,,,,,,,,,,,,
,,,,,,,,,,,,,,,,,,,,,,,,,,,,,
,,,,,,,,,,,,,,,,,,,,,,,,,,,,,
,,,,,,,,,,,,,,,,,,,,,,,,,,,,,
,,,,,,,,,,,,,,,,,,,,,,,,,,,,,
,,,,,,,,,,,,,,,,,,,,,,,,,,,,,
,,,,,,,,,,,,,,,,,,,,,,,,,,,,,
,,,,,,,,,,,,,,,,,,,,,,,,,,,,,
,,,,,,,,,,,,,,,,,,,,,,,,,,,,,
,,,,,,,,,,,,,,,,,,,,,,,,,,,,,
,,,,,,,,,,,,,,,,,,,,,,,,,,,,,
,,,,,,,,,,,,,,,,,,,,,,,,,,,,,
,,,,,,,,,,,,,,,,,,,,,,,,,,,,,
,,,,,,,,,,,,,,,,,,,,,,,,,,,,,
,,,,,,,,,,,,,,,,,,,,,,,,,,,,,
,,,,,,,,,,,,,,,,,,,,,,,,,,,,,
,,,,,,,,,,,,,,,,,,,,,,,,,,,,,
,,,,,,,,,,,,,,,,,,,,,,,,,,,,,
,,,,,,,,,,,,,,,,,,,,,,,,,,,,,
,,,,,,,,,,,,,,,,,,,,,,,,,,,,,
,,,,,,,,,,,,,,,,,,,,,,,,,,,,,
,,,,,,,,,,,,,,,,,,,,,,,,,,,,,
,,,,,,,,,,,,,,,,,,,,,,,,,,,,,
,,,,,,,,,,,,,,,,,,,,,,,,,,,,,
,,,,,,,,,,,,,,,,,,,,,,,,,,,,,
,,,,,,,,,,,,,,,,,,,,,,,,,,,,,
,,,,,,,,,,,,,,,,,,,,,,,,,,,,,
,,,,,,,,,,,,,,,,,,,,,,,,,,,,,
,,,,,,,,,,,,,,,,,,,,,,,,,,,,,
,,,,,,,,,,,,,,,,,,,,,,,,,,,,,
,,,,,,,,,,,,,,,,,,,,,,,,,,,,,
,,,,,,,,,,,,,,,,,,,,,,,,,,,,,
,,,,,,,,,,,,,,,,,,,,,,,,,,,,,
,,,,,,,,,,,,,,,,,,,,,,,,,,,,,
,,,,,,,,,,,,,,,,,,,,,,,,,,,,,
,,,,,,,,,,,,,,,,,,,,,,,,,,,,,
,,,,,,,,,,,,,,,,,,,,,,,,,,,,,
,,,,,,,,,,,,,,,,,,,,,,,,,,,,,
,,,,,,,,,,,,,,,,,,,,,,,,,,,,,
,,,,,,,,,,,,,,,,,,,,,,,,,,,,,
,,,,,,,,,,,,,,,,,,,,,,,,,,,,,
,,,,,,,,,,,,,,,,,,,,,,,,,,,,,
,,,,,,,,,,,,,,,,,,,,,,,,,,,,,
,,,,,,,,,,,,,,,,,,,,,,,,,,,,,
,,,,,,,,,,,,,,,,,,,,,,,,,,,,,
,,,,,,,,,,,,,,,,,,,,,,,,,,,,,
,,,,,,,,,,,,,,,,,,,,,,,,,,,,,
,,,,,,,,,,,,,,,,,,,,,,,,,,,,,
,,,,,,,,,,,,,,,,,,,,,,,,,,,,,
,,,,,,,,,,,,,,,,,,,,,,,,,,,,,
,,,,,,,,,,,,,,,,,,,,,,,,,,,,,
,,,,,,,,,,,,,,,,,,,,,,,,,,,,,
,,,,,,,,,,,,,,,,,,,,,,,,,,,,,
,,,,,,,,,,,,,,,,,,,,,,,,,,,,,
,,,,,,,,,,,,,,,,,,,,,,,,,,,,,
,,,,,,,,,,,,,,,,,,,,,,,,,,,,,
,,,,,,,,,,,,,,,,,,,,,,,,,,,,,
,,,,,,,,,,,,,,,,,,,,,,,,,,,,,
,,,,,,,,,,,,,,,,,,,,,,,,,,,,,
,,,,,,,,,,,,,,,,,,,,,,,,,,,,,
,,,,,,,,,,,,,,,,,,,,,,,,,,,,,
,,,,,,,,,,,,,,,,,,,,,,,,,,,,,
,,,,,,,,,,,,,,,,,,,,,,,,,,,,,
,,,,,,,,,,,,,,,,,,,,,,,,,,,,,
,,,,,,,,,,,,,,,,,,,,,,,,,,,,,
,,,,,,,,,,,,,,,,,,,,,,,,,,,,,
,,,,,,,,,,,,,,,,,,,,,,,,,,,,,
,,,,,,,,,,,,,,,,,,,,,,,,,,,,,
,,,,,,,,,,,,,,,,,,,,,,,,,,,,,
,,,,,,,,,,,,,,,,,,,,,,,,,,,,,
,,,,,,,,,,,,,,,,,,,,,,,,,,,,,
,,,,,,,,,,,,,,,,,,,,,,,,,,,,,
,,,,,,,,,,,,,,,,,,,,,,,,,,,,,
,,,,,,,,,,,,,,,,,,,,,,,,,,,,,
,,,,,,,,,,,,,,,,,,,,,,,,,,,,,
,,,,,,,,,,,,,,,,,,,,,,,,,,,,,
,,,,,,,,,,,,,,,,,,,,,,,,,,,,,
,,,,,,,,,,,,,,,,,,,,,,,,,,,,,
,,,,,,,,,,,,,,,,,,,,,,,,,,,,,
,,,,,,,,,,,,,,,,,,,,,,,,,,,,,
,,,,,,,,,,,,,,,,,,,,,,,,,,,,,
,,,,,,,,,,,,,,,,,,,,,,,,,,,,,
,,,,,,,,,,,,,,,,,,,,,,,,,,,,,
,,,,,,,,,,,,,,,,,,,,,,,,,,,,,
,,,,,,,,,,,,,,,,,,,,,,,,,,,,,
,,,,,,,,,,,,,,,,,,,,,,,,,,,,,
,,,,,,,,,,,,,,,,,,,,,,,,,,,,,
,,,,,,,,,,,,,,,,,,,,,,,,,,,,,
,,,,,,,,,,,,,,,,,,,,,,,,,,,,,
,,,,,,,,,,,,,,,,,,,,,,,,,,,,,
,,,,,,,,,,,,,,,,,,,,,,,,,,,,,
,,,,,,,,,,,,,,,,,,,,,,,,,,,,,
,,,,,,,,,,,,,,,,,,,,,,,,,,,,,
,,,,,,,,,,,,,,,,,,,,,,,,,,,,,
,,,,,,,,,,,,,,,,,,,,,,,,,,,,,
,,,,,,,,,,,,,,,,,,,,,,,,,,,,,
,,,,,,,,,,,,,,,,,,,,,,,,,,,,,
,,,,,,,,,,,,,,,,,,,,,,,,,,,,,
,,,,,,,,,,,,,,,,,,,,,,,,,,,,,
,,,,,,,,,,,,,,,,,,,,,,,,,,,,,
,,,,,,,,,,,,,,,,,,,,,,,,,,,,,
,,,,,,,,,,,,,,,,,,,,,,,,,,,,,
,,,,,,,,,,,,,,,,,,,,,,,,,,,,,
,,,,,,,,,,,,,,,,,,,,,,,,,,,,,
,,,,,,,,,,,,,,,,,,,,,,,,,,,,,
,,,,,,,,,,,,,,,,,,,,,,,,,,,,,
,,,,,,,,,,,,,,,,,,,,,,,,,,,,,
,,,,,,,,,,,,,,,,,,,,,,,,,,,,,
,,,,,,,,,,,,,,,,,,,,,,,,,,,,,
,,,,,,,,,,,,,,,,,,,,,,,,,,,,,
,,,,,,,,,,,,,,,,,,,,,,,,,,,,,
,,,,,,,,,,,,,,,,,,,,,,,,,,,,,
,,,,,,,,,,,,,,,,,,,,,,,,,,,,,
,,,,,,,,,,,,,,,,,,,,,,,,,,,,,
,,,,,,,,,,,,,,,,,,,,,,,,,,,,,
,,,,,,,,,,,,,,,,,,,,,,,,,,,,,
,,,,,,,,,,,,,,,,,,,,,,,,,,,,,
,,,,,,,,,,,,,,,,,,,,,,,,,,,,,
,,,,,,,,,,,,,,,,,,,,,,,,,,,,,
,,,,,,,,,,,,,,,,,,,,,,,,,,,,,
,,,,,,,,,,,,,,,,,,,,,,,,,,,,,
,,,,,,,,,,,,,,,,,,,,,,,,,,,,,
,,,,,,,,,,,,,,,,,,,,,,,,,,,,,
,,,,,,,,,,,,,,,,,,,,,,,,,,,,,
,,,,,,,,,,,,,,,,,,,,,,,,,,,,,
,,,,,,,,,,,,,,,,,,,,,,,,,,,,,
,,,,,,,,,,,,,,,,,,,,,,,,,,,,,
,,,,,,,,,,,,,,,,,,,,,,,,,,,,,
,,,,,,,,,,,,,,,,,,,,,,,,,,,,,
,,,,,,,,,,,,,,,,,,,,,,,,,,,,,
,,,,,,,,,,,,,,,,,,,,,,,,,,,,,
,,,,,,,,,,,,,,,,,,,,,,,,,,,,,
,,,,,,,,,,,,,,,,,,,,,,,,,,,,,
,,,,,,,,,,,,,,,,,,,,,,,,,,,,,
,,,,,,,,,,,,,,,,,,,,,,,,,,,,,
,,,,,,,,,,,,,,,,,,,,,,,,,,,,,
,,,,,,,,,,,,,,,,,,,,,,,,,,,,,
,,,,,,,,,,,,,,,,,,,,,,,,,,,,,
,,,,,,,,,,,,,,,,,,,,,,,,,,,,,
,,,,,,,,,,,,,,,,,,,,,,,,,,,,,
,,,,,,,,,,,,,,,,,,,,,,,,,,,,,
,,,,,,,,,,,,,,,,,,,,,,,,,,,,,
,,,,,,,,,,,,,,,,,,,,,,,,,,,,,
,,,,,,,,,,,,,,,,,,,,,,,,,,,,,
,,,,,,,,,,,,,,,,,,,,,,,,,,,,,
,,,,,,,,,,,,,,,,,,,,,,,,,,,,,
,,,,,,,,,,,,,,,,,,,,,,,,,,,,,
,,,,,,,,,,,,,,,,,,,,,,,,,,,,,
,,,,,,,,,,,,,,,,,,,,,,,,,,,,,
,,,,,,,,,,,,,,,,,,,,,,,,,,,,,
,,,,,,,,,,,,,,,,,,,,,,,,,,,,,
,,,,,,,,,,,,,,,,,,,,,,,,,,,,,
,,,,,,,,,,,,,,,,,,,,,,,,,,,,,
,,,,,,,,,,,,,,,,,,,,,,,,,,,,,
,,,,,,,,,,,,,,,,,,,,,,,,,,,,,
,,,,,,,,,,,,,,,,,,,,,,,,,,,,,
,,,,,,,,,,,,,,,,,,,,,,,,,,,,,
,,,,,,,,,,,,,,,,,,,,,,,,,,,,,
,,,,,,,,,,,,,,,,,,,,,,,,,,,,,
,,,,,,,,,,,,,,,,,,,,,,,,,,,,,
,,,,,,,,,,,,,,,,,,,,,,,,,,,,,
,,,,,,,,,,,,,,,,,,,,,,,,,,,,,
,,,,,,,,,,,,,,,,,,,,,,,,,,,,,
,,,,,,,,,,,,,,,,,,,,,,,,,,,,,
,,,,,,,,,,,,,,,,,,,,,,,,,,,,,
,,,,,,,,,,,,,,,,,,,,,,,,,,,,,
,,,,,,,,,,,,,,,,,,,,,,,,,,,,,
,,,,,,,,,,,,,,,,,,,,,,,,,,,,,
,,,,,,,,,,,,,,,,,,,,,,,,,,,,,
,,,,,,,,,,,,,,,,,,,,,,,,,,,,,
,,,,,,,,,,,,,,,,,,,,,,,,,,,,,
,,,,,,,,,,,,,,,,,,,,,,,,,,,,,
,,,,,,,,,,,,,,,,,,,,,,,,,,,,,
,,,,,,,,,,,,,,,,,,,,,,,,,,,,,
